wimp_definition,window_kind,window,start_year,end_year,field,Id,Label,node_type,subtype,domain,paper_count,degree,strength_prevalence,strength_positive_npmi,hits_score_prevalence,eigenvector_centrality_prevalence,core_number,target_type_count,type_participation,normalized_type_entropy,strength_candidate_percentile,hits_candidate_percentile,eigenvector_candidate_percentile,core_candidate_percentile,node_size_sqrt_strength,label_size_log_paper_count,spectral_role_score,role_spectral_percentile,node_size_role_spectral_percentile,label_size_role_spectral_percentile,is_focal_wimp
explicit_generic,full,2006-2025,2006,2025,pooled focal fields,dm_model:generic_wimp,Generic WIMP,candidate,candidate,candidate,2199,168,0.39953904555314534,16.01109883748349,0.3969095943996587,0.39690959439965867,13,6,0.9789930670899037,0.970895679705775,0.9428571428571428,0.8857142857142857,0.8857142857142857,0.7571428571428571,32.472369714773265,22.250899375709945,0.3969095943996587,0.8857142857142857,36.34285714285714,22.17142857142857,True
explicit_generic,stable,2006-2015,2006,2015,pooled focal fields,dm_model:generic_wimp,Generic WIMP,candidate,candidate,candidate,1161,103,0.5599683856945268,9.508308779189635,0.2903530716240752,0.29035307162407514,10,6,0.9626354843320521,0.949231193724184,0.9655172413793104,0.8620689655172413,0.8620689655172413,0.8103448275862069,32.47321658095131,23.077081683222172,0.2903530716240752,0.8620689655172413,35.58620689655172,21.79310344827586,True
explicit_generic,stable,2016-2025,2016,2025,pooled focal fields,dm_model:generic_wimp,Generic WIMP,candidate,candidate,candidate,1038,113,0.289547002373336,12.952707044030817,0.2750738548306208,0.27507385483062097,11,6,0.9902256086006516,0.9862051053473354,0.9393939393939394,0.9090909090909091,0.9090909090909091,0.7878787878787878,26.620738327390317,20.819654957306373,0.2750738548306208,0.9090909090909091,37.09090909090909,22.545454545454547,True
explicit_generic,rolling,2006-2010,2006,2010,pooled focal fields,dm_model:generic_wimp,Generic WIMP,candidate,candidate,candidate,519,84,0.5558139534883719,9.1065146037709,0.27707588871474514,0.277075888714746,10,6,0.956847114021113,0.9385661224994803,0.96,0.88,0.88,0.8,31.638228173086887,23.108544196157577,0.27707588871474514,0.88,36.16,22.08,True
explicit_generic,rolling,2007-2011,2007,2011,pooled focal fields,dm_model:generic_wimp,Generic WIMP,candidate,candidate,candidate,608,91,0.6176218990590249,9.004042361757634,0.30261145458009553,0.3026114545800931,10,6,0.9599914825699619,0.9444614878392147,0.9583333333333334,0.875,0.875,0.8125,33.06684023110993,23.35944090608719,0.30261145458009553,0.875,36.0,22.0,True
explicit_generic,rolling,2008-2012,2008,2012,pooled focal fields,dm_model:generic_wimp,Generic WIMP,candidate,candidate,candidate,658,98,0.6366892160764027,9.299221006901217,0.29495934491485326,0.29495934491485304,10,6,0.9602653125,0.9460578729899298,0.9629629629629629,0.8888888888888888,0.8888888888888888,0.7962962962962963,33.454855841785914,23.367737098062403,0.29495934491485326,0.8888888888888888,36.44444444444444,22.22222222222222,True
explicit_generic,rolling,2009-2013,2009,2013,pooled focal fields,dm_model:generic_wimp,Generic WIMP,candidate,candidate,candidate,674,108,0.6481135599551738,10.016722311255055,0.29432827996331734,0.29432827996331673,11,6,0.9622252157230772,0.9501305457358249,0.9642857142857143,0.8571428571428571,0.8571428571428571,0.8035714285714286,33.20217278005167,23.23906927561358,0.29432827996331734,0.8571428571428571,35.42857142857143,21.714285714285715,True
explicit_generic,rolling,2010-2014,2010,2014,pooled focal fields,dm_model:generic_wimp,Generic WIMP,candidate,candidate,candidate,657,105,0.612106017191977,9.786467277443595,0.3009499070394274,0.300949907039426,11,6,0.9591187808596693,0.9462442278603733,0.9642857142857143,0.8571428571428571,0.8571428571428571,0.8035714285714286,33.13240251533961,23.109094654464563,0.3009499070394274,0.8571428571428571,35.42857142857143,21.714285714285715,True
explicit_generic,rolling,2011-2015,2011,2015,pooled focal fields,dm_model:generic_wimp,Generic WIMP,candidate,candidate,candidate,642,110,0.5754036413603573,10.39917918778859,0.3004300336631802,0.3004300336631802,11,6,0.9658553798173314,0.9549349867461211,0.9642857142857143,0.8571428571428571,0.8571428571428571,0.8214285714285714,33.27688370607211,22.97005557657521,0.3004300336631802,0.8571428571428571,35.42857142857143,21.714285714285715,True
explicit_generic,rolling,2012-2016,2012,2016,pooled focal fields,dm_model:generic_wimp,Generic WIMP,candidate,candidate,candidate,611,112,0.5321944809461234,10.968541320480075,0.29119226086293054,0.2911922608629287,10,6,0.9666968449931413,0.9554750881464135,0.9655172413793104,0.8620689655172413,0.8620689655172413,0.8103448275862069,32.99241432288403,22.851568078100783,0.29119226086293054,0.8620689655172413,35.58620689655172,21.79310344827586,True
explicit_generic,rolling,2013-2017,2013,2017,pooled focal fields,dm_model:generic_wimp,Generic WIMP,candidate,candidate,candidate,600,112,0.5123417721518988,11.184442429230796,0.32133193012133204,0.32133193012133066,10,6,0.9639606266078274,0.9514333965789643,0.9354838709677419,0.9032258064516129,0.9032258064516129,0.8064516129032258,34.232111008828994,23.004855832682438,0.32133193012133204,0.9032258064516129,36.903225806451616,22.451612903225808,True
explicit_generic,rolling,2014-2018,2014,2018,pooled focal fields,dm_model:generic_wimp,Generic WIMP,candidate,candidate,candidate,578,113,0.4756134504695546,12.330184048772379,0.3591151614530884,0.3591151614530867,10,6,0.968963609071362,0.9574612166564889,0.9375,0.875,0.875,0.8125,36.19043678961863,22.834231394328278,0.3591151614530884,0.875,36.0,22.0,True
explicit_generic,rolling,2015-2019,2015,2019,pooled focal fields,dm_model:generic_wimp,Generic WIMP,candidate,candidate,candidate,567,113,0.43509684880023125,12.813990010987387,0.36874414482005147,0.36874414482005036,10,6,0.9794583282745224,0.970614060050857,0.9375,0.875,0.875,0.78125,34.38605920335309,22.413654092736845,0.36874414482005147,0.875,36.0,22.0,True
explicit_generic,rolling,2016-2020,2016,2020,pooled focal fields,dm_model:generic_wimp,Generic WIMP,candidate,candidate,candidate,538,115,0.40565524741707454,13.331109600836399,0.4534107681880585,0.4534107681880577,10,6,0.9845689971177828,0.9778390872434711,0.9411764705882353,0.9117647058823529,0.9117647058823529,0.8088235294117647,32.479997439942736,21.860397136149764,0.4534107681880585,0.9117647058823529,37.17647058823529,22.588235294117645,True
explicit_generic,rolling,2017-2021,2017,2021,pooled focal fields,dm_model:generic_wimp,Generic WIMP,candidate,candidate,candidate,513,106,0.3463354037267081,13.291753643889802,0.4015626883258995,0.4015626883258993,10,6,0.9872114349466561,0.9812861114975351,0.9696969696969697,0.9090909090909091,0.9090909090909091,0.7727272727272727,29.48061600345172,21.30079882641496,0.4015626883258995,0.9090909090909091,37.09090909090909,22.545454545454547,True
explicit_generic,rolling,2018-2022,2018,2022,pooled focal fields,dm_model:generic_wimp,Generic WIMP,candidate,candidate,candidate,492,109,0.318860877684407,14.305493967388438,0.3422707703549912,0.34227077035499165,10,6,0.9897300900985876,0.9848123345998006,0.9375,0.90625,0.90625,0.78125,28.14860790516944,20.93309944990761,0.3422707703549912,0.90625,37.0,22.5,True
explicit_generic,rolling,2019-2023,2019,2023,pooled focal fields,dm_model:generic_wimp,Generic WIMP,candidate,candidate,candidate,493,110,0.2937889533634214,14.314656320498491,0.27018003164299514,0.27018003164299537,9,6,0.98956691027774,0.9849624237957763,0.9354838709677419,0.9032258064516129,0.9032258064516129,0.7741935483870968,26.928080899529697,20.639083115741617,0.27018003164299514,0.9032258064516129,36.903225806451616,22.451612903225808,True
explicit_generic,rolling,2020-2024,2020,2024,pooled focal fields,dm_model:generic_wimp,Generic WIMP,candidate,candidate,candidate,482,106,0.25524673851389673,13.669223851363013,0.21969439108827066,0.21969439108827074,10,6,0.992077695473251,0.9890101732523294,0.9393939393939394,0.9393939393939394,0.9393939393939394,0.7727272727272727,24.973987549194508,20.180121510313494,0.21969439108827066,0.9393939393939394,38.06060606060606,23.03030303030303,True
explicit_generic,rolling,2021-2025,2021,2025,pooled focal fields,dm_model:generic_wimp,Generic WIMP,candidate,candidate,candidate,500,96,0.22152003991352068,12.074582679106356,0.1813974252122044,0.1813974252122037,10,6,0.9960703947190434,0.9944876152983555,0.9393939393939394,0.9393939393939394,0.9393939393939394,0.7727272727272727,23.336361024857,19.943653607913753,0.1813974252122044,0.9393939393939394,38.06060606060606,23.03030303030303,True
published_umbrella,full,2006-2025,2006,2025,pooled focal fields,dm_model:wimp_related,WIMP-related,candidate,candidate,candidate,5388,238,1.278538503253796,16.607457207733304,1.0,1.0,10,6,0.8946180173207073,0.8705487528848769,1.0,1.0,1.0,0.7833333333333333,40.0,24.0,1.0,1.0,40.0,24.0,True
published_umbrella,stable,2006-2015,2006,2015,pooled focal fields,dm_model:wimp_related,WIMP-related,candidate,candidate,candidate,3185,163,2.138114997036159,7.383898097010837,1.0,1.0,7,6,0.8808530435805866,0.8551730425560863,1.0,1.0,1.0,0.8541666666666666,40.0,24.0,1.0,1.0,40.0,24.0,True
published_umbrella,stable,2016-2025,2016,2025,pooled focal fields,dm_model:wimp_related,WIMP-related,candidate,candidate,candidate,2203,166,0.7967186048911361,16.711800689362867,1.0,1.0,9,6,0.9080937160214185,0.8855333096424204,0.9642857142857143,1.0,1.0,0.8214285714285714,39.42865808558024,22.690066105757445,1.0,1.0,40.0,24.0,True
published_umbrella,rolling,2006-2010,2006,2010,pooled focal fields,dm_model:wimp_related,WIMP-related,candidate,candidate,candidate,1459,143,2.143255813953488,6.12821552295617,1.0,1.0,6,6,0.8842735007957178,0.8612697209391089,1.0,1.0,1.0,0.85,40.0,24.0,1.0,1.0,40.0,24.0,True
published_umbrella,rolling,2007-2011,2007,2011,pooled focal fields,dm_model:wimp_related,WIMP-related,candidate,candidate,candidate,1602,146,2.2236954662104362,6.29092478314244,1.0,1.0,6,6,0.8876994965630457,0.8627095599165274,1.0,1.0,1.0,0.8421052631578947,40.0,24.0,1.0,1.0,40.0,24.0,True
published_umbrella,rolling,2008-2012,2008,2012,pooled focal fields,dm_model:wimp_related,WIMP-related,candidate,candidate,candidate,1692,153,2.2526860326303226,6.596330835852029,1.0,1.0,7,6,0.8858500696525574,0.8596100376590867,1.0,1.0,1.0,0.8636363636363636,40.0,24.0,1.0,1.0,40.0,24.0,True
published_umbrella,rolling,2009-2013,2009,2013,pooled focal fields,dm_model:wimp_related,WIMP-related,candidate,candidate,candidate,1756,155,2.294359357489727,6.948659256991183,1.0,1.0,7,6,0.8820411447686421,0.854514293469532,1.0,1.0,1.0,0.8695652173913043,40.0,24.0,1.0,1.0,40.0,24.0,True
published_umbrella,rolling,2010-2014,2010,2014,pooled focal fields,dm_model:wimp_related,WIMP-related,candidate,candidate,candidate,1746,158,2.2342406876790837,7.661691349524169,1.0,1.0,7,6,0.8782627877972005,0.8492588386149232,1.0,1.0,1.0,0.8695652173913043,40.0,24.0,1.0,1.0,40.0,24.0,True
published_umbrella,rolling,2011-2015,2011,2015,pooled focal fields,dm_model:wimp_related,WIMP-related,candidate,candidate,candidate,1726,158,2.1394709721745104,8.312754471001242,1.0,1.0,7,6,0.8770582353545366,0.8483146661336961,1.0,1.0,1.0,0.8478260869565217,40.0,24.0,1.0,1.0,40.0,24.0,True
published_umbrella,rolling,2012-2016,2012,2016,pooled focal fields,dm_model:wimp_related,WIMP-related,candidate,candidate,candidate,1663,160,1.9743758212877793,8.9167752081864,1.0,1.0,7,6,0.8730068189179985,0.8438784527316998,1.0,1.0,1.0,0.8125,40.0,24.0,1.0,1.0,40.0,24.0,True
published_umbrella,rolling,2013-2017,2013,2017,pooled focal fields,dm_model:wimp_related,WIMP-related,candidate,candidate,candidate,1563,162,1.7863924050632913,10.01726170617237,1.0,1.0,7,6,0.8760796741984607,0.8471577280894618,1.0,1.0,1.0,0.7884615384615384,40.0,24.0,1.0,1.0,40.0,24.0,True
published_umbrella,rolling,2014-2018,2014,2018,pooled focal fields,dm_model:wimp_related,WIMP-related,candidate,candidate,candidate,1458,167,1.584974250227204,11.350096679949615,1.0,1.0,7,6,0.8801402098588781,0.8513290323045791,1.0,1.0,1.0,0.7592592592592593,40.0,24.0,1.0,1.0,40.0,24.0,True
published_umbrella,rolling,2015-2019,2015,2019,pooled focal fields,dm_model:wimp_related,WIMP-related,candidate,candidate,candidate,1359,164,1.3723619543220584,12.258573093138251,1.0,1.0,7,6,0.8858787976875309,0.8589631717103692,1.0,1.0,1.0,0.7592592592592593,40.0,24.0,1.0,1.0,40.0,24.0,True
published_umbrella,rolling,2016-2020,2016,2020,pooled focal fields,dm_model:wimp_related,WIMP-related,candidate,candidate,candidate,1230,159,1.171016856987493,13.78091829894002,1.0,1.0,8,6,0.890735040807269,0.8648024190248456,1.0,1.0,1.0,0.8448275862068966,40.0,24.0,1.0,1.0,40.0,24.0,True
published_umbrella,rolling,2017-2021,2017,2021,pooled focal fields,dm_model:wimp_related,WIMP-related,candidate,candidate,candidate,1141,150,0.9766459627329191,14.985923133989633,1.0,1.0,8,6,0.8935447069944329,0.8686971900810422,1.0,1.0,1.0,0.8035714285714286,40.0,23.48744580624415,1.0,1.0,40.0,24.0,True
published_umbrella,rolling,2018-2022,2018,2022,pooled focal fields,dm_model:wimp_related,WIMP-related,candidate,candidate,candidate,1064,157,0.8697478991596638,16.417951930072103,1.0,1.0,8,6,0.9036359377417511,0.881175251592781,1.0,1.0,1.0,0.7962962962962963,40.0,23.00225172877863,1.0,1.0,40.0,24.0,True
published_umbrella,rolling,2019-2023,2019,2023,pooled focal fields,dm_model:wimp_related,WIMP-related,candidate,candidate,candidate,999,160,0.746615087040619,17.925613947329328,1.0,1.0,8,6,0.916510609780228,0.8964610809437241,0.9615384615384616,1.0,1.0,0.8269230769230769,38.72704103478113,22.489765192354533,1.0,1.0,40.0,24.0,True
published_umbrella,rolling,2020-2024,2020,2024,pooled focal fields,dm_model:wimp_related,WIMP-related,candidate,candidate,candidate,965,146,0.6430327093968614,17.706667635055805,0.77471979330491,0.7747197933049108,8,6,0.9212853234009992,0.9012088983612191,0.9642857142857143,0.9642857142857143,0.9642857142857143,0.8035714285714286,35.43452377827833,21.941303399573673,0.77471979330491,0.9642857142857143,38.85714285714286,23.42857142857143,True
published_umbrella,rolling,2021-2025,2021,2025,pooled focal fields,dm_model:wimp_related,WIMP-related,candidate,candidate,candidate,973,150,0.5694328953933145,17.284426186258315,0.5748209366507008,0.574820936650701,8,6,0.9270254907633854,0.9081866305090606,0.9642857142857143,0.9642857142857143,0.9642857142857143,0.7857142857142857,33.049763798847465,21.587481891374672,0.5748209366507008,0.9642857142857143,38.85714285714286,23.42857142857143,True
canonical_core,full,2006-2025,2006,2025,pooled focal fields,dm_model:wimp_core,Canonical WIMP core,candidate,candidate,candidate,4892,223,1.1530639913232104,16.70853494894117,1.0,1.0,11,6,0.900651199056059,0.8759485326659572,1.0,1.0,1.0,0.8064516129032258,40.0,24.0,1.0,1.0,40.0,24.0,True
canonical_core,stable,2006-2015,2006,2015,pooled focal fields,dm_model:wimp_core,Canonical WIMP core,candidate,candidate,candidate,2858,153,1.9104919976289274,8.074324926919498,1.0,1.0,7,6,0.8865385430572296,0.8603533915526141,1.0,1.0,1.0,0.84,40.0,24.0,1.0,1.0,40.0,24.0,True
canonical_core,stable,2016-2025,2016,2025,pooled focal fields,dm_model:wimp_core,Canonical WIMP core,candidate,candidate,candidate,2034,155,0.7272727272727272,16.580258846367574,1.0,1.0,10,6,0.9139534355629824,0.8905626321356291,0.9655172413793104,1.0,1.0,0.8103448275862069,37.99111378315844,22.49164219073009,1.0,1.0,40.0,24.0,True
canonical_core,rolling,2006-2010,2006,2010,pooled focal fields,dm_model:wimp_core,Canonical WIMP core,candidate,candidate,candidate,1291,131,1.886046511627907,6.841628369261717,1.0,1.0,7,6,0.8918579397647332,0.8686700579984173,1.0,1.0,1.0,0.8571428571428571,40.0,24.0,1.0,1.0,40.0,24.0,True
canonical_core,rolling,2007-2011,2007,2011,pooled focal fields,dm_model:wimp_core,Canonical WIMP core,candidate,candidate,candidate,1428,133,1.9747647562018822,6.983672597122343,1.0,1.0,6,6,0.8955444065445624,0.8710696572103076,1.0,1.0,1.0,0.8,40.0,24.0,1.0,1.0,40.0,24.0,True
canonical_core,rolling,2008-2012,2008,2012,pooled focal fields,dm_model:wimp_core,Canonical WIMP core,candidate,candidate,candidate,1525,136,2.010346199761242,7.196303814204374,1.0,1.0,8,6,0.8911066476342004,0.8646799407854278,1.0,1.0,1.0,0.8478260869565217,40.0,24.0,1.0,1.0,40.0,24.0,True
canonical_core,rolling,2009-2013,2009,2013,pooled focal fields,dm_model:wimp_core,Canonical WIMP core,candidate,candidate,candidate,1591,146,2.0709749719835635,7.482617058569067,1.0,1.0,8,6,0.8866125697294528,0.858695801181311,1.0,1.0,1.0,0.8541666666666666,40.0,24.0,1.0,1.0,40.0,24.0,True
canonical_core,rolling,2010-2014,2010,2014,pooled focal fields,dm_model:wimp_core,Canonical WIMP core,candidate,candidate,candidate,1580,146,2.0050143266475646,8.129150628630368,1.0,1.0,8,6,0.8826253596158787,0.8528391976772167,1.0,1.0,1.0,0.8541666666666666,40.0,24.0,1.0,1.0,40.0,24.0,True
canonical_core,rolling,2011-2015,2011,2015,pooled focal fields,dm_model:wimp_core,Canonical WIMP core,candidate,candidate,candidate,1567,150,1.9333562349708004,8.542607652390135,1.0,1.0,8,6,0.881574082072125,0.8516811209660332,1.0,1.0,1.0,0.8541666666666666,40.0,24.0,1.0,1.0,40.0,24.0,True
canonical_core,rolling,2012-2016,2012,2016,pooled focal fields,dm_model:wimp_core,Canonical WIMP core,candidate,candidate,candidate,1513,151,1.7821944809461234,9.03618972436668,1.0,1.0,7,6,0.8763832640319394,0.8453117425946117,1.0,1.0,1.0,0.78,40.0,24.0,1.0,1.0,40.0,24.0,True
canonical_core,rolling,2013-2017,2013,2017,pooled focal fields,dm_model:wimp_core,Canonical WIMP core,candidate,candidate,candidate,1430,154,1.6246835443037975,9.95410145385838,1.0,1.0,8,6,0.8796581039895507,0.8489202486483988,1.0,1.0,1.0,0.7962962962962963,40.0,24.0,1.0,1.0,40.0,24.0,True
canonical_core,rolling,2014-2018,2014,2018,pooled focal fields,dm_model:wimp_core,Canonical WIMP core,candidate,candidate,candidate,1332,158,1.43289912147834,11.326741434793387,1.0,1.0,8,6,0.8841806650009609,0.8535031475359002,1.0,1.0,1.0,0.7857142857142857,40.0,24.0,1.0,1.0,40.0,24.0,True
canonical_core,rolling,2015-2019,2015,2019,pooled focal fields,dm_model:wimp_core,Canonical WIMP core,candidate,candidate,candidate,1251,155,1.2541196877710319,12.331027562483204,1.0,1.0,8,6,0.8916186653760043,0.8635295778159747,1.0,1.0,1.0,0.7678571428571429,40.0,24.0,1.0,1.0,40.0,24.0,True
canonical_core,rolling,2016-2020,2016,2020,pooled focal fields,dm_model:wimp_core,Canonical WIMP core,candidate,candidate,candidate,1132,152,1.0682436106579662,13.796938350104496,1.0,1.0,8,6,0.8961564071767381,0.8692234526996421,1.0,1.0,1.0,0.8,40.0,23.96036143462559,1.0,1.0,40.0,24.0,True
canonical_core,rolling,2017-2021,2017,2021,pooled focal fields,dm_model:wimp_core,Canonical WIMP core,candidate,candidate,candidate,1050,144,0.8936645962732919,15.143651186445911,1.0,1.0,8,6,0.9028609931870294,0.8777202065528953,1.0,1.0,1.0,0.7931034482758621,40.0,23.259994928620134,1.0,1.0,40.0,24.0,True
canonical_core,rolling,2018-2022,2018,2022,pooled focal fields,dm_model:wimp_core,Canonical WIMP core,candidate,candidate,candidate,975,147,0.7871148459383752,16.62994188498893,1.0,1.0,8,6,0.9127003626262754,0.8894212179483645,1.0,1.0,1.0,0.7857142857142857,40.0,22.76781284452609,1.0,1.0,40.0,24.0,True
canonical_core,rolling,2019-2023,2019,2023,pooled focal fields,dm_model:wimp_core,Canonical WIMP core,candidate,candidate,candidate,921,147,0.6802063185041908,17.49595008344395,0.9825125950495422,0.9825125950495428,8,6,0.9237458877084223,0.9032249026262619,0.9629629629629629,0.9629629629629629,0.9629629629629629,0.7777777777777778,37.28635520862227,22.276648654561523,0.9825125950495422,0.9629629629629629,38.81481481481481,23.407407407407405,True
canonical_core,rolling,2020-2024,2020,2024,pooled focal fields,dm_model:wimp_core,Canonical WIMP core,candidate,candidate,candidate,893,137,0.5902817167706561,17.651721223147632,0.68634741055905,0.6863474105590494,8,6,0.9267636303048237,0.9062502134246118,0.9655172413793104,0.9655172413793104,0.9655172413793104,0.7931034482758621,34.24997485378046,21.7444942159216,0.68634741055905,0.9655172413793104,38.896551724137936,23.448275862068968,True
canonical_core,rolling,2021-2025,2021,2025,pooled focal fields,dm_model:wimp_core,Canonical WIMP core,candidate,candidate,candidate,902,139,0.5210377515383336,17.011006677538923,0.5135092687025226,0.5135092687025224,9,6,0.9345944028992769,0.9158774575625254,0.9310344827586207,0.9655172413793104,0.9655172413793104,0.7931034482758621,31.928472550422743,21.40033036506005,0.5135092687025226,0.9655172413793104,38.896551724137936,23.448275862068968,True
