wimp_definition,window_kind,window,start_year,end_year,Id,Label,node_type,subtype,domain,astrophysics_paper_count,hep_paper_count,pooled_paper_count,astrophysics_prevalence,hep_prevalence,pooled_prevalence,log10_astro_hep_prevalence_ratio,astro_orientation_0_1,field_participation,strength_mean_field_prevalence,strength_pooled_association,is_astro_anchor,is_hep_anchor,is_cross_field_anchor,cross_field_betweenness_prevalence,cross_field_betweenness_percentile,candidate_relative_betweenness_percentile,removal_effect_efficiency_prevalence,removal_effect_percentile,node_size_sqrt_betweenness,label_size_log_prevalence_strength,node_size_sqrt_betweenness_common,node_size_sqrt_removal_effect_common,label_size_log_prevalence_strength_common,is_focal_wimp
explicit_generic,full,2006-2025,2006,2025,dm_model:generic_wimp,Generic WIMP,candidate,candidate,candidate,984,1215,2199,0.015331401327474993,0.035191889934829836,0.022278055254439908,-0.36081298925002037,0.3195935053749898,0.8454757696721356,0.07904621273983464,44.36777573436929,False,False,False,0.02138048922693663,0.9923076923076923,0.9714285714285714,0.0627795232011521,0.96,25.161412587442644,15.086144405821138,24.69018704690638,25.267764275472455,12.393005722961961,True
explicit_generic,stable,2006-2015,2006,2015,dm_model:generic_wimp,Generic WIMP,candidate,candidate,candidate,626,535,1161,0.02484817211130076,0.044557341550762054,0.031209677419354837,-0.253664845624075,0.3731675771879625,0.9193603376186339,0.10162024890341773,29.95436986776625,False,False,False,0.03896359785232255,0.9950738916256158,1.0,0.21559850587205698,1.0,37.496017317495344,13.584834667547987,30.531074871553127,40.0,13.588564507643937,True
explicit_generic,stable,2016-2025,2016,2025,dm_model:generic_wimp,Generic WIMP,candidate,candidate,candidate,358,680,1038,0.009182076996075816,0.030198063771205257,0.016876127920399303,-0.5167431038072936,0.2416284480963532,0.715196682040069,0.06062186936012075,31.73623269720366,False,False,False,0.009974081687371525,0.9791666666666666,0.8787878787878788,0.03368259427952901,0.9166666666666666,19.399579849337194,13.876897568248129,19.399579849337194,20.64823342463903,11.398535477175404,True
explicit_generic,rolling,2006-2010,2006,2010,dm_model:generic_wimp,Generic WIMP,candidate,candidate,candidate,310,209,519,0.02729113478299146,0.04439252336448598,0.03230223439347731,-0.21157206372199278,0.3942139681390036,0.9430855648077188,0.09822861933276253,26.288209095231462,False,False,False,0.05370441705187468,0.9943820224719101,1.0,0.19647653807391102,1.0,37.035953818898875,13.403565398127103,34.451931415481866,38.547976901055534,13.4105106610054,True
explicit_generic,rolling,2007-2011,2007,2011,dm_model:generic_wimp,Generic WIMP,candidate,candidate,candidate,353,255,608,0.02977646562631801,0.04888803680981595,0.035615956885946924,-0.21551884025069137,0.3922405798746543,0.9409751102380683,0.11071966055843488,27.983620218734774,False,False,False,0.05457912246563304,0.9944444444444445,1.0,0.22459420777344424,1.0,37.757314433720495,13.96584234866372,34.66647795893921,40.0,14.063570793418377,True
explicit_generic,rolling,2008-2012,2008,2012,dm_model:generic_wimp,Generic WIMP,candidate,candidate,candidate,373,285,658,0.02949316043330434,0.04902804059865818,0.035644637053087756,-0.220862335920193,0.3895688320399035,0.9381061304440608,0.1126998212699371,29.012322568284254,False,False,False,0.05576625180278831,0.9948717948717949,1.0,0.22085552866948835,1.0,39.840284207828255,13.955634054436132,34.95492403940102,40.0,14.166423232753683,True
explicit_generic,rolling,2009-2013,2009,2013,dm_model:generic_wimp,Generic WIMP,candidate,candidate,candidate,357,317,674,0.02717308570558685,0.04981926764104982,0.03456233013691606,-0.2632998251519543,0.36835008742402287,0.9134843260714731,0.11752666904904613,31.446350295062867,False,False,False,0.04384724186704385,0.9950980392156863,1.0,0.2366170383284298,1.0,38.26542614767711,14.001240234574176,31.90141015802033,40.0,14.416371862252182,True
explicit_generic,rolling,2010-2014,2010,2014,dm_model:generic_wimp,Generic WIMP,candidate,candidate,candidate,331,326,657,0.024794007490636705,0.04809678371200944,0.032641096979332276,-0.2877478148649733,0.3561260925675134,0.897795504096996,0.11243286552770972,30.218361842544105,False,False,False,0.044822498435124744,1.0,1.0,0.2129854646429183,1.0,40.0,13.910824707753978,32.16575760467009,39.8054897798979,14.152567841173747,True
explicit_generic,rolling,2011-2015,2011,2015,dm_model:generic_wimp,Generic WIMP,candidate,candidate,candidate,316,326,642,0.02284227266155848,0.04466365255514454,0.030379028060379502,-0.2911657746142337,0.3544171126928831,0.8955085797179669,0.1039846043697863,31.408409059780297,False,False,False,0.048256537982565385,1.0,1.0,0.18878643214434165,1.0,40.0,13.684051792083874,33.0743951333144,37.944184799422686,13.712364516844787,True
explicit_generic,rolling,2012-2016,2012,2016,dm_model:generic_wimp,Generic WIMP,candidate,candidate,candidate,289,322,611,0.020313488437478034,0.040671971706454466,0.027592124277456647,-0.3014095100053885,0.34929524499730574,0.8885607376038591,0.09590736228285522,33.4127174247378,False,False,False,0.029117259552042158,0.9956896551724138,1.0,0.14285670714512985,1.0,38.05248165066806,13.77202545817771,27.477249767764498,34.048182297291696,13.28833201526292,True
explicit_generic,rolling,2013-2017,2013,2017,dm_model:generic_wimp,Generic WIMP,candidate,candidate,candidate,266,334,600,0.01828681424446583,0.04081133919843597,0.026396832380114386,-0.3484536638284774,0.3257731680857613,0.8547341738975716,0.09365172999560903,32.874653822288145,False,False,False,0.02843444909344491,0.991701244813278,0.9666666666666667,0.10489248971140376,1.0,34.84233196202633,14.238744278472032,27.247520630134442,30.320262705162698,13.169359338110109,True
explicit_generic,rolling,2014-2018,2014,2018,dm_model:generic_wimp,Generic WIMP,candidate,candidate,candidate,242,336,578,0.016044553470794934,0.03898364079359554,0.02438612775293224,-0.385282583530583,0.3073587082347085,0.8262272213074646,0.08726598154403814,33.538385737956,False,False,False,0.022726627890480917,0.9925093632958801,0.967741935483871,0.105889681674567,1.0,31.56945338961,14.773098099671454,25.207583481873247,30.426108876832945,12.831209474117632,True
explicit_generic,rolling,2015-2019,2015,2019,dm_model:generic_wimp,Generic WIMP,candidate,candidate,candidate,232,335,567,0.014579274806761766,0.0376150909499214,0.02284540070107579,-0.4113174686883918,0.2943412656558041,0.8052130048623813,0.08094225691519442,34.41324031303359,False,False,False,0.019724796093880042,0.9851851851851852,0.9333333333333333,0.08563134642853036,0.9787234042553191,25.009294919246674,15.190700939743571,24.030927343631888,28.167101834277688,12.494381122543727,True
explicit_generic,rolling,2016-2020,2016,2020,dm_model:generic_wimp,Generic WIMP,candidate,candidate,candidate,209,329,538,0.012709802967647774,0.03616974494283202,0.02106499608457322,-0.4538070747356163,0.27309646263219184,0.7696440118274035,0.0779136840751811,34.97989646060669,False,False,False,0.017041628938264726,0.9830508474576272,0.9090909090909091,0.052392432258398215,0.9387755102040817,23.08951378389888,15.037744447323549,22.900743435990066,23.774710043762056,12.332368036794362,True
explicit_generic,rolling,2017-2021,2017,2021,dm_model:generic_wimp,Generic WIMP,candidate,candidate,candidate,198,315,513,0.011676593737099722,0.03316487681617183,0.01939141939141939,-0.45293559573586867,0.27353220213206564,0.770362008366392,0.07000931331480406,32.53735553901443,False,False,False,0.017242466271592486,0.9806451612903225,0.90625,0.03874252832338689,0.9148936170212766,22.434511238456203,14.40654937808764,22.98828964602125,21.56504018098691,11.907370900005578,True
explicit_generic,rolling,2018-2022,2018,2022,dm_model:generic_wimp,Generic WIMP,candidate,candidate,candidate,173,319,492,0.009954542839058634,0.03170028818443804,0.0179287223963268,-0.5024505273789804,0.24877473631050978,0.7274677876764777,0.06521711422766419,31.5194821286675,False,False,False,0.015937787283540644,0.9817073170731707,0.875,0.02977805679953066,0.9166666666666666,21.382130640663615,14.108073240302463,22.410080192201498,19.892558102715267,11.648175616860527,True
explicit_generic,rolling,2019-2023,2019,2023,dm_model:generic_wimp,Generic WIMP,candidate,candidate,candidate,174,319,493,0.009588361712679782,0.029785247432306258,0.017084242991301936,-0.49167418248254074,0.2541629087587296,0.7368772711386677,0.061381583547619745,32.92084520564142,False,False,False,0.02047546697649477,0.9851190476190477,0.9032258064516129,0.040202719423248,0.9574468085106383,22.59850263108403,13.942806568199256,24.333125243314033,21.81830646749637,11.439882059586814,True
explicit_generic,rolling,2020-2024,2020,2024,dm_model:generic_wimp,Generic WIMP,candidate,candidate,candidate,152,330,482,0.007684141347757949,0.027782454958747264,0.015224738620929278,-0.5573919353337183,0.22130403233314083,0.6788704920334836,0.05571541295181905,31.314461838933813,False,False,False,0.007667759185785752,0.9766081871345029,0.8787878787878788,0.02215323568426002,0.9183673469387755,17.491452963938144,12.979949196884043,17.995087883302517,18.257598330859523,11.130791759875377,True
explicit_generic,rolling,2021-2025,2021,2025,dm_model:generic_wimp,Generic WIMP,candidate,candidate,candidate,149,351,500,0.006609004213794633,0.026151095216808227,0.013901632051602858,-0.5965040491732094,0.2017479754133953,0.644162560700797,0.04937304152931905,27.526531583713446,False,False,False,0.009803268311372458,0.9827586206896551,0.9090909090909091,0.02025950333719618,0.9,19.408609533605784,12.17157069655298,19.30154527600824,17.809378720954157,10.782840762989236,True
published_umbrella,full,2006-2025,2006,2025,dm_model:wimp_related,WIMP-related,candidate,candidate,candidate,1136,4252,5388,0.01769966657318251,0.12315713251267198,0.0545857943205649,-0.8423486287684198,0.07882568561579012,0.43946977878535765,0.2734811752630232,61.22620225474456,False,False,False,0.053346454057383086,0.9974226804123711,0.9666666666666667,0.12298221911644905,0.9787234042553191,36.98363435329158,24.0,34.317587941276706,25.42230079358666,18.618834491340092,True
published_umbrella,stable,2006-2015,2006,2015,dm_model:wimp_related,WIMP-related,candidate,candidate,candidate,748,2437,3185,0.029690787123407295,0.20296493712001332,0.08561827956989247,-0.8345792654778726,0.08271036726106368,0.4453231130687185,0.4394553467568507,47.235308560309434,False,False,False,0.07323318538750427,1.0,1.0,0.4148883756367871,1.0,40.0,24.0,38.835235289345384,40.0,24.0,True
published_umbrella,stable,2016-2025,2016,2025,dm_model:wimp_related,WIMP-related,candidate,candidate,candidate,388,1815,2203,0.009951524789043063,0.08060218491873168,0.03581706147267791,-0.9080093643837371,0.04599531780813143,0.3912766590875987,0.17596110828100936,47.37577506066869,False,False,False,0.03090725991028106,0.9939759036144579,0.9642857142857143,0.06153081121006511,0.9555555555555556,28.031965169569517,24.0,28.031965169569517,20.32340340399984,15.119470144300864,True
published_umbrella,rolling,2006-2010,2006,2010,dm_model:wimp_related,WIMP-related,candidate,candidate,candidate,404,1055,1459,0.03556651113654371,0.22408666100254884,0.0908072446629738,-0.7989893526276617,0.10050532368616916,0.47285718996176374,0.45702158630253853,44.174961438890854,False,False,False,0.09258553926236272,1.0,1.0,0.3962945058725426,1.0,40.0,24.0,40.0,39.274715707723985,24.0,True
published_umbrella,rolling,2007-2011,2007,2011,dm_model:wimp_related,WIMP-related,candidate,candidate,candidate,430,1172,1602,0.036271615352172076,0.22469325153374234,0.09384336008435358,-0.7916570495103253,0.10417147524483733,0.4786883204021839,0.4705429211743123,45.002961124283495,False,False,False,0.08780700174142797,1.0,1.0,0.4253682143227997,1.0,40.0,24.0,40.0,40.0,24.0,True
published_umbrella,rolling,2008-2012,2008,2012,dm_model:wimp_related,WIMP-related,candidate,candidate,candidate,440,1252,1692,0.03479085949236973,0.21537932220884226,0.09165763813651137,-0.7913786512809603,0.10431067435951985,0.4789145892179265,0.46574885233024504,46.52873068891748,False,False,False,0.08940345368916797,1.0,1.0,0.40709291849262075,1.0,40.0,24.0,40.0,39.69794581941778,24.0,True
published_umbrella,rolling,2009-2013,2009,2013,dm_model:wimp_related,WIMP-related,candidate,candidate,candidate,412,1344,1756,0.031359415436139446,0.21122112211221122,0.090046664273627,-0.8279689953344357,0.08601550233278216,0.4502496533412712,0.47206956141322326,47.328395913083014,False,False,False,0.07630320420851268,1.0,1.0,0.3959631814635273,1.0,40.0,24.0,39.47492414392204,39.26163926675596,24.0,True
published_umbrella,rolling,2010-2014,2010,2014,dm_model:wimp_related,WIMP-related,candidate,candidate,candidate,373,1373,1746,0.027940074906367043,0.2025671289465919,0.08674483306836248,-0.8598862195998357,0.07005689020008216,0.42607644446418114,0.4553422672824505,46.28410861310842,False,False,False,0.07696950728784763,1.0,1.0,0.35078786684070157,1.0,40.0,24.0,39.6120498044291,37.42433297829789,24.0,True
published_umbrella,rolling,2011-2015,2011,2015,dm_model:wimp_related,WIMP-related,candidate,candidate,candidate,344,1382,1726,0.02486627150498771,0.18934100561720785,0.08167321251123835,-0.8811322170896061,0.05943389145519695,0.4104373741372598,0.42778561243949775,46.179867108730306,False,False,False,0.07626602912410346,1.0,1.0,0.2849399709025941,1.0,40.0,24.0,39.46725588460435,34.51923749405384,23.642453991382474,True
published_umbrella,rolling,2012-2016,2012,2016,dm_model:wimp_related,WIMP-related,candidate,candidate,candidate,317,1346,1663,0.022281577282631616,0.1700138941518252,0.07509934971098266,-0.8819909872170916,0.059004506391454214,0.409781382738283,0.38464511778245014,47.61389269710078,False,False,False,0.06573201562859113,1.0,1.0,0.2633749900796151,1.0,40.0,24.0,37.21337806563969,33.49597419992137,22.294825727592332,True
published_umbrella,rolling,2013-2017,2013,2017,dm_model:wimp_related,WIMP-related,candidate,candidate,candidate,291,1272,1563,0.020005499793757733,0.15542521994134897,0.06876374835019798,-0.8897739870009901,0.05511300649950496,0.40412861026628066,0.3501591472577843,47.319225907217906,False,False,False,0.06679539440749482,1.0,1.0,0.18746165262486217,1.0,40.0,24.0,37.44872954656759,29.51000768464488,21.1869986276239,True
published_umbrella,rolling,2014-2018,2014,2018,dm_model:wimp_related,WIMP-related,candidate,candidate,candidate,262,1196,1458,0.017370549625406087,0.138763197586727,0.06151379630410936,-0.9017926531163503,0.04910367344182487,0.3955071004766477,0.30912636891814554,49.37051030847919,False,False,False,0.05746959626157374,1.0,1.0,0.16395231411973715,1.0,40.0,24.0,35.31570270229098,28.11606917179247,19.831393554603196,True
published_umbrella,rolling,2015-2019,2015,2019,dm_model:wimp_related,WIMP-related,candidate,candidate,candidate,254,1105,1359,0.015961792245334002,0.1240736582079497,0.05475643660099118,-0.8899188616513088,0.05504056917434558,0.40396640266698247,0.2703008790965596,48.56086072487762,False,False,False,0.05494584629565619,1.0,1.0,0.13023205879054306,1.0,40.0,24.0,34.70919124180142,25.928472854153963,18.509004575099702,True
published_umbrella,rolling,2016-2020,2016,2020,dm_model:wimp_related,WIMP-related,candidate,candidate,candidate,227,1003,1230,0.01380442714667964,0.11026824978012313,0.048159749412685984,-0.9016716589382748,0.04916417053086258,0.395527383995955,0.23904469250078142,48.027828213309725,False,False,False,0.04577019448753132,0.993127147766323,0.9642857142857143,0.08470308840198167,0.9777777777777777,33.87946352933287,24.0,32.37724842465852,22.458857172192104,17.41471883863565,True
published_umbrella,rolling,2017-2021,2017,2021,dm_model:wimp_related,WIMP-related,candidate,candidate,candidate,210,931,1141,0.012384266084802736,0.09802063592335228,0.04312984312984313,-0.8976275023154237,0.05118624884228817,0.3983557299108831,0.21006211095204172,44.65488924885175,False,False,False,0.04101528573910023,0.9934426229508196,0.9629629629629629,0.06650654662171944,0.9545454545454546,31.00657522888804,24.0,31.076299930316043,20.811988601681,16.375080286508656,True
published_umbrella,rolling,2018-2022,2018,2022,dm_model:wimp_related,WIMP-related,candidate,candidate,candidate,187,877,1064,0.010760112779791702,0.08715094902116664,0.03877268420669047,-0.907524997085578,0.046237501457211005,0.39127798625271604,0.1884279022022013,45.046482738834605,False,False,False,0.03773146804434899,0.9938080495356038,0.9629629629629629,0.054173948421054906,0.9545454545454546,28.41203118786559,24.0,30.133248278303533,19.563241334351364,15.582674498061738,True
published_umbrella,rolling,2019-2023,2019,2023,dm_model:wimp_related,WIMP-related,candidate,candidate,candidate,187,812,999,0.010304733564776547,0.07581699346405228,0.03461898326229338,-0.8658208488704948,0.06708957556475259,0.42134501148149583,0.16598893042641644,47.38271734078225,False,False,False,0.04132564313833196,0.9939759036144579,0.9615384615384616,0.06429684174013772,0.9534883720930233,28.54676850170449,23.499125985417102,31.16344308955825,20.59734911584859,14.745404541947547,True
published_umbrella,rolling,2020-2024,2020,2024,dm_model:wimp_related,WIMP-related,candidate,candidate,candidate,162,803,965,0.008189676962742025,0.06760397373295167,0.030481063836507786,-0.9156228309793342,0.042188584510332916,0.3855079472370533,0.1491411120995306,44.746986242991056,False,False,False,0.022922409706249012,0.9911504424778761,0.9642857142857143,0.03923085023077827,0.9347826086956522,24.25732185930908,20.81059466217689,25.251364031989304,17.84007038946436,14.106098650854587,True
published_umbrella,rolling,2021-2025,2021,2025,dm_model:wimp_related,WIMP-related,candidate,candidate,candidate,161,812,973,0.007141273009536483,0.06049769035911191,0.02705257597241916,-0.9268707554616052,0.03656462226919738,0.37772918053875193,0.13391108311366143,43.986048015349816,False,False,False,0.0212862087190766,0.9883720930232558,0.9285714285714286,0.03458036743448446,0.9347826086956522,24.60270607680797,18.91313530648481,24.62426535284724,17.23845072255604,13.520062926275468,True
canonical_core,full,2006-2025,2006,2025,dm_model:wimp_core,Canonical WIMP core,candidate,candidate,candidate,1102,3790,4892,0.017169923031379514,0.10977552498189717,0.049560821420973185,-0.8055916493805226,0.09720417530973868,0.4678424196610389,0.25124972361476305,58.32417613857987,False,False,False,0.047027084923216986,0.9948453608247423,0.967741935483871,0.11295474071714567,0.9787234042553191,33.35354515268998,24.0,32.77726772869088,25.204554635965547,18.620266700485466,True
canonical_core,stable,2006-2015,2006,2015,dm_model:wimp_core,Canonical WIMP core,candidate,candidate,candidate,726,2132,2858,0.028817528678601198,0.17756308819855085,0.07682795698924731,-0.7894798669918897,0.10526006650405517,0.48054227777022107,0.4016963291742871,44.2866197758904,False,False,False,0.06881434412097927,1.0,1.0,0.3907667024924158,1.0,40.0,24.0,37.972217231665454,40.0,24.0,True
canonical_core,stable,2016-2025,2016,2025,dm_model:wimp_core,Canonical WIMP core,candidate,candidate,candidate,376,1658,2034,0.009643745671856165,0.07362998490096812,0.033069406734192855,-0.8823546295905409,0.05882268520472955,0.40958534505421573,0.16285382015247532,45.43298036160436,False,False,False,0.026271248134532087,0.993993993993994,0.9655172413793104,0.0566069743814884,0.9555555555555556,26.5190940531,23.123860447019617,26.5190940531,20.179407870607974,15.148815856090463,True
canonical_core,rolling,2006-2010,2006,2010,dm_model:wimp_core,Canonical WIMP core,candidate,candidate,candidate,389,902,1291,0.03424597235672154,0.19158878504672897,0.08035103006161698,-0.7473893895013898,0.1263053052493051,0.5145860511663147,0.41233980473378934,40.62648230638569,False,False,False,0.08493836671802774,1.0,1.0,0.3704815124565523,1.0,40.0,24.0,40.0,39.158351603143316,24.0,True
canonical_core,rolling,2007-2011,2007,2011,dm_model:wimp_core,Canonical WIMP core,candidate,candidate,candidate,419,1009,1428,0.03534373681990721,0.19344325153374234,0.08365063558080955,-0.7378917120278171,0.13105414398609144,0.5224724518026735,0.42697318926548555,41.01897165951319,False,False,False,0.08012759474385832,1.0,1.0,0.39040220546709087,1.0,40.0,24.0,40.0,39.985072133894604,24.0,True
canonical_core,rolling,2008-2012,2008,2012,dm_model:wimp_core,Canonical WIMP core,candidate,candidate,candidate,428,1097,1525,0.033842017869850555,0.18871494925167728,0.08261105092091008,-0.7460005321446856,0.12699973392765718,0.5157510937550311,0.4248590030408064,42.15880909840041,False,False,False,0.08224258289703316,1.0,1.0,0.3749721304301453,1.0,40.0,24.0,40.0,39.34661850031345,24.0,True
canonical_core,rolling,2009-2013,2009,2013,dm_model:wimp_core,Canonical WIMP core,candidate,candidate,candidate,403,1188,1591,0.030674379662049018,0.1867043847241867,0.08158555971488642,-0.7839877886671691,0.10800610566641544,0.48479269338956676,0.43508828787756665,44.69418939393827,False,False,False,0.07216017168219285,1.0,1.0,0.37118892080169785,1.0,40.0,24.0,38.692210142116416,39.18808475510885,24.0,True
canonical_core,rolling,2010-2014,2010,2014,dm_model:wimp_core,Canonical WIMP core,candidate,candidate,candidate,366,1214,1580,0.027415730337078652,0.17910888167601063,0.07849761526232114,-0.8146717021586751,0.09266414892066244,0.46050389022388716,0.41788960317749757,43.3222503219335,False,False,False,0.06966824644549763,1.0,1.0,0.32784380581744904,1.0,40.0,24.0,38.15760328402145,37.310599047587615,24.0,True
canonical_core,rolling,2011-2015,2011,2015,dm_model:wimp_core,Canonical WIMP core,candidate,candidate,candidate,337,1230,1567,0.024360271794130403,0.1685162351006987,0.07414943453366772,-0.8394641442282925,0.08026792788585374,0.44139275908398057,0.3949237175700613,44.08596995558924,False,False,False,0.0700473729543497,1.0,1.0,0.26680103561186047,1.0,40.0,24.0,38.23954903838734,34.44143121187111,23.770509813318732,True
canonical_core,rolling,2012-2016,2012,2016,dm_model:wimp_core,Canonical WIMP core,candidate,candidate,candidate,306,1207,1513,0.021508399522035565,0.1524567386636352,0.06832550578034682,-0.8499850196666728,0.07500749016666358,0.4334013489246753,0.35461522720450017,44.89278771466425,False,False,False,0.05694093311882326,1.0,1.0,0.22175081727856602,1.0,40.0,24.0,35.26413189579269,32.10592593376739,22.381170452949355,True
canonical_core,rolling,2013-2017,2013,2017,dm_model:wimp_core,Canonical WIMP core,candidate,candidate,candidate,282,1148,1430,0.01938677299601265,0.1402737047898338,0.06291245050593929,-0.8588673024628141,0.07056634876859297,0.42672386765255066,0.32420112370786097,44.9016289913539,False,False,False,0.05665808481727813,1.0,1.0,0.1661544357495405,1.0,40.0,24.0,35.196331690381264,28.866382937603472,21.305222394142017,True
canonical_core,rolling,2014-2018,2014,2018,dm_model:wimp_core,Canonical WIMP core,candidate,candidate,candidate,254,1078,1332,0.016840151163561627,0.1250725142127857,0.05619778921609991,-0.8701416206746562,0.06492918966267192,0.41833629245806625,0.2841068722439166,46.89185821167415,False,False,False,0.04450397511234013,1.0,1.0,0.1496893919576016,1.0,40.0,24.0,32.10342653827712,27.80554125100641,19.848428832275744,True
canonical_core,rolling,2015-2019,2015,2019,dm_model:wimp_core,Canonical WIMP core,candidate,candidate,candidate,246,1005,1251,0.015459058631307736,0.1128452728497642,0.05040493170554817,-0.8626130527288656,0.06869347363556721,0.4238808243841854,0.25023857761046836,46.79980837895663,False,False,False,0.047284162378502,0.9924812030075187,0.9615384615384616,0.12363957994442441,1.0,34.64854730328207,24.0,32.84489892003421,25.99989466940689,18.581961654875457,True
canonical_core,rolling,2016-2020,2016,2020,dm_model:wimp_core,Canonical WIMP core,candidate,candidate,candidate,219,913,1132,0.013317927511554367,0.10037379067722076,0.04432263116679718,-0.8764097102183183,0.06179514489084087,0.41367502719592686,0.22029791630965423,45.95696380131083,False,False,False,0.03853537148951298,0.9931506849315068,0.9655172413793104,0.07768421382440058,0.9565217391304348,30.45884856408713,24.0,30.42896117509343,22.26781898278134,17.433459155990654,True
canonical_core,rolling,2017-2021,2017,2021,dm_model:wimp_core,Canonical WIMP core,candidate,candidate,candidate,207,843,1050,0.012207347997876983,0.08875552747946937,0.03969003969003969,-0.8607637291318819,0.06961813543405904,0.4251608865328036,0.193530151383245,43.07506934801225,False,False,False,0.03840595340811044,0.9934640522875817,0.9642857142857143,0.06115145281745355,0.9545454545454546,29.26213426688254,24.0,30.391266529283506,20.658859886585383,16.382552491411325,True
canonical_core,rolling,2018-2022,2018,2022,dm_model:wimp_core,Canonical WIMP core,candidate,candidate,candidate,182,793,975,0.010472409229529892,0.0788035377124118,0.03552948035857445,-0.8755632063098274,0.06221839684508629,0.41417452219208384,0.1727136760944744,44.01074501111981,False,False,False,0.03372882333711517,0.9907407407407407,0.9642857142857143,0.05260583696565348,0.9555555555555556,27.343905155543613,23.76827251584973,28.983599060770615,19.741083336321722,15.548872321357294,True
canonical_core,rolling,2019-2023,2019,2023,dm_model:wimp_core,Canonical WIMP core,candidate,candidate,candidate,182,739,921,0.010029205929354714,0.06900093370681606,0.031915999584156356,-0.8366740608237383,0.08166296958813085,0.44319618063398325,0.15321473605147135,45.23091066737342,False,False,False,0.03878353292323372,0.993993993993994,0.9629629629629629,0.0621614740653251,0.9545454545454546,27.933173132101878,22.383099672120693,30.501064682208856,20.762973148819526,14.75442445925045,True
canonical_core,rolling,2020-2024,2020,2024,dm_model:wimp_core,Canonical WIMP core,candidate,candidate,candidate,157,736,893,0.007936909155249987,0.06196329348375147,0.028206829021763163,-0.8913825082478944,0.05430874587605278,0.40261414113298866,0.138911717248985,43.36390934756052,False,False,False,0.020963153025780664,0.9882352941176471,0.9310344827586207,0.03751926682767479,0.9361702127659575,23.58076901843054,19.983705461867327,24.542749232866264,17.91558575421807,14.163087070110144,True
canonical_core,rolling,2021-2025,2021,2025,dm_model:wimp_core,Canonical WIMP core,candidate,candidate,candidate,157,745,902,0.006963850077622533,0.0555058858590374,0.025078544221091556,-0.900387002141209,0.04980649892939548,0.39619510182873663,0.12422185877090998,42.008153538798894,False,False,False,0.01955217302867991,0.9884057971014493,0.9310344827586207,0.03278687054243014,0.9361702127659575,23.960269844213407,18.165817136608588,23.9763254954853,17.26917723254957,13.547975225941505,True
