selection,top_k_per_field,n_unique_families,selected_families,specification,early_period,late_period,early_mean_js,late_mean_js,late_minus_early
frequency-ranked union,3,4,Axion + ALP;Generic WIMP;Neutralino;PBH,union of top 3 families per field,1995-2004,2016-2025,0.12088936602595232,0.2254628949913709,0.10457352896541858
frequency-ranked union,4,6,Axion + ALP;Generic WIMP;LSP;Neutralino;PBH;Sterile nu,union of top 4 families per field,1995-2004,2016-2025,0.14854965356720884,0.22848269065357357,0.07993303708636473
frequency-ranked union,5,7,Axion + ALP;Generic WIMP;LSP;Neutralino;PBH;Sterile nu;ULA / Fuzzy,union of top 5 families per field,1995-2004,2016-2025,0.14932771609033688,0.2364713093596798,0.08714359326934293
frequency-ranked union,6,9,Axion + ALP;Generic WIMP;Gravitino;LSP;MACHO;Neutralino;PBH;Sterile nu;ULA / Fuzzy,union of top 6 families per field,1995-2004,2016-2025,0.3109216322934474,0.2521538244653424,-0.05876780782810498
frequency-ranked union,7,10,Axion + ALP;Generic WIMP;Gravitino;Higgsino;LSP;MACHO;Neutralino;PBH;Sterile nu;ULA / Fuzzy,union of top 7 families per field,1995-2004,2016-2025,0.3194042230308247,0.27698087446856157,-0.04242334856226315
frequency-ranked union,8,11,Axion + ALP;Generic WIMP;Gravitino;Higgsino;LSP;MACHO;Neutralino;PBH;SFDM;Sterile nu;ULA / Fuzzy,union of top 8 families per field,1995-2004,2016-2025,0.3209897060962254,0.2814467133827682,-0.03954299271345718
frequency-ranked union,9,13,Axion + ALP;Bino;Generic WIMP;Gravitino;Higgsino;LSP;MACHO;Mirror DM;Neutralino;PBH;SFDM;Sterile nu;ULA / Fuzzy,union of top 9 families per field,1995-2004,2016-2025,0.32562969942574266,0.2929495335672642,-0.03268016585847844
frequency-ranked union,10,15,Axion + ALP;Bino;Generic WIMP;Gravitino;Higgsino;LSP;MACHO;Mirror DM;Neutralino;PBH;Quark Nugget / AQN;SFDM;Sneutrino;Sterile nu;ULA / Fuzzy,union of top 10 families per field,1995-2004,2016-2025,0.3372638707387893,0.29955890439305277,-0.0377049663457365
frequency-ranked union,11,17,Axion + ALP;Bino;Generic WIMP;Gravitino;Higgsino;LSP;MACHO;Macroscopic DM;Mirror DM;Neutralino;PBH;Quark Nugget / AQN;SFDM;Sneutrino;Sterile nu;ULA / Fuzzy;Wino,union of top 11 families per field,1995-2004,2016-2025,0.3424917642429445,0.3062328051248597,-0.0362589591180848
frequency-ranked union,12,18,Axion + ALP;Bino;Dark Photon;Generic WIMP;Gravitino;Higgsino;LSP;MACHO;Macroscopic DM;Mirror DM;Neutralino;PBH;Quark Nugget / AQN;SFDM;Sneutrino;Sterile nu;ULA / Fuzzy;Wino,union of top 12 families per field,1995-2004,2016-2025,0.3430773211860407,0.3059317475045088,-0.037145573681531874
frequency-ranked union,13,19,Asymmetric DM;Axion + ALP;Bino;Dark Photon;Generic WIMP;Gravitino;Higgsino;LSP;MACHO;Macroscopic DM;Mirror DM;Neutralino;PBH;Quark Nugget / AQN;SFDM;Sneutrino;Sterile nu;ULA / Fuzzy;Wino,union of top 13 families per field,1995-2004,2016-2025,0.3434446237245719,0.30388910729680346,-0.039555516427768445
frequency-ranked union,14,20,Asymmetric DM;Axion + ALP;Bino;Dark Photon;Generic Composite;Generic WIMP;Gravitino;Higgsino;LSP;MACHO;Macroscopic DM;Mirror DM;Neutralino;PBH;Quark Nugget / AQN;SFDM;Sneutrino;Sterile nu;ULA / Fuzzy;Wino,union of top 14 families per field,1995-2004,2016-2025,0.3474534485790902,0.30836836061585016,-0.03908508796324006
frequency-ranked union,15,22,Asymmetric DM;Axino;Axion + ALP;Bino;Dark Photon;Generic Composite;Generic WIMP;Gravitino;Higgsino;LSP;MACHO;Macroscopic DM;Mirror DM;Neutralino;PBH;Quark Nugget / AQN;SFDM;Sneutrino;Sterile nu;ULA / Fuzzy;WIMPzilla;Wino,union of top 15 families per field,1995-2004,2016-2025,0.3482691002254862,0.310283044552516,-0.0379860556729702
frequency-ranked union,16,23,Asymmetric DM;Axino;Axion + ALP;Bino;Dark Photon;Generic Composite;Generic WIMP;Gravitino;Higgsino;LSP;MACHO;Macroscopic DM;Mirror DM;Neutralino;PBH;Quark Nugget / AQN;SFDM;Sneutrino;Sterile nu;ULA / Fuzzy;Vector DM;WIMPzilla;Wino,union of top 16 families per field,1995-2004,2016-2025,0.3482691002254862,0.31199812094390766,-0.03627097928157852
frequency-ranked union,17,23,Asymmetric DM;Axino;Axion + ALP;Bino;Dark Photon;Generic Composite;Generic WIMP;Gravitino;Higgsino;LSP;MACHO;Macroscopic DM;Mirror DM;Neutralino;PBH;Quark Nugget / AQN;SFDM;Sneutrino;Sterile nu;ULA / Fuzzy;Vector DM;WIMPzilla;Wino,union of top 17 families per field,1995-2004,2016-2025,0.3482691002254862,0.31199812094390766,-0.03627097928157852
frequency-ranked union,18,25,Asymmetric DM;Atomic DM;Axino;Axion + ALP;Bino;Dark Photon;Generic Composite;Generic WIMP;Gravitino;Higgsino;LSP;MACHO;Macroscopic DM;Mirror DM;Neutralino;PBH;Quark Nugget / AQN;SFDM;Sneutrino;Sterile nu;Twin Higgs;ULA / Fuzzy;Vector DM;WIMPzilla;Wino,union of top 18 families per field,1995-2004,2016-2025,0.3482691002254862,0.3148252771025531,-0.03344382312293309
frequency-ranked union,19,26,Asymmetric DM;Atomic DM;Axino;Axion + ALP;Bino;Dark Photon;Generic Composite;Generic WIMP;Gravitino;Higgsino;LKP Kaluza-Klein;LSP;MACHO;Macroscopic DM;Mirror DM;Neutralino;PBH;Quark Nugget / AQN;SFDM;Sneutrino;Sterile nu;Twin Higgs;ULA / Fuzzy;Vector DM;WIMPzilla;Wino,union of top 19 families per field,1995-2004,2016-2025,0.34829942481027276,0.3149303965118039,-0.033369028298468884
frequency-ranked union,20,28,Asymmetric DM;Atomic DM;Axino;Axion + ALP;Bino;Dark Photon;Generic Composite;Generic WIMP;Gravitino;Higgsino;Inert Doublet Model;LKP Kaluza-Klein;LSP;MACHO;Macroscopic DM;Mirror DM;Neutralino;PBH;Q-ball;Quark Nugget / AQN;SFDM;Sneutrino;Sterile nu;Twin Higgs;ULA / Fuzzy;Vector DM;WIMPzilla;Wino,union of top 20 families per field,1995-2004,2016-2025,0.3510312435919899,0.31530482150063327,-0.035726422091356624
all observed ontology families,,36,Asymmetric DM;Atomic DM;Axino;Axion + ALP;Bino;Dark Photon;Generic Composite;Generic WIMP;Glueball;Gravitino;Higgsino;Inert Doublet Model;Inert Triplet Model;LKP Kaluza-Klein;LSP;MACHO;Macroscopic DM;Majoron;Minimal SU(2)L;Mirror DM;Neutralino;PBH;Planckian DM;Q-ball;Quark Nugget / AQN;SFDM;Scotogenic Model;Sneutrino;Sterile nu;SuperWIMP;Superfluid DM;Twin Higgs;ULA / Fuzzy;Vector DM;WIMPzilla;Wino,all observed ontology families,1995-2004,2016-2025,0.35071853022226984,0.3221885107921606,-0.028530019430109244
