year,SpeciesLabel,astro_mentions,hep_mentions,astro_share,hep_share,log2_hep_astro_ratio,log_ratio_low,log_ratio_high,total_mentions,meets_minimum_count,interval_excludes_parity
1995,Axion + ALP,5,15,0.12087912087912088,0.22962962962962963,0.9257437348974433,-0.1257675788468514,2.577041402956633,20,True,False
1995,Bino,0,1,0.01098901098901099,0.022222222222222223,1.0159415438690216,-0.6550885871117984,2.2792421502602953,1,False,False
1995,Generic WIMP,4,4,0.0989010989010989,0.06666666666666667,-0.5690209568521347,-2.5572045672610915,1.4638132533743016,8,False,False
1995,Gravitino,0,2,0.01098901098901099,0.037037037037037035,1.7529071380352275,-0.6338721012021025,2.9493177549080953,2,False,False
1995,Higgsino,0,3,0.01098901098901099,0.05185185185185185,2.2383339652054692,-0.5474877953024936,3.273055879614243,3,False,False
1995,LSP,0,12,0.01098901098901099,0.18518518518518517,4.07483523292259,3.219436252052703,4.640762736223946,12,False,True
1995,MACHO,26,1,0.5824175824175825,0.022222222222222223,-4.711978910694178,-6.538183442701681,-3.2533512763238646,27,True,True
1995,Mirror DM,0,0,0.01098901098901099,0.007407407407407408,-0.5690209568521347,-0.6966078565500653,-0.4040663814578408,0,False,True
1995,Neutralino,2,17,0.054945054945054944,0.25925925925925924,2.2383339652054692,0.860848964652189,4.706020750404392,19,False,True
1995,PBH,0,1,0.01098901098901099,0.022222222222222223,1.0159415438690216,-0.6759975768747791,2.3497807275284885,1,False,False
1995,SFDM,0,0,0.01098901098901099,0.007407407407407408,-0.5690209568521347,-0.6966078565500653,-0.4040663814578408,0,False,True
1995,Sterile nu,2,5,0.054945054945054944,0.08148148148148149,0.5684825668978004,-1.4188577741998838,3.3378696387563838,7,False,False
1995,ULA / Fuzzy,0,0,0.01098901098901099,0.007407407407407408,-0.5690209568521347,-0.6966078565500653,-0.4040663814578408,0,False,True
1996,Axion + ALP,10,14,0.14893617021276595,0.17575757575757575,0.2388927105017896,-0.7498873161985985,1.3151117800397307,24,True,False
1996,Bino,0,0,0.0070921985815602835,0.006060606060606061,-0.22677086184702214,-0.4285492039218334,-0.02003089077616725,0,False,True
1996,Generic WIMP,1,2,0.02127659574468085,0.030303030303030304,0.510194732319184,-2.516004150589774,2.9788293077283376,3,False,False
1996,Gravitino,1,6,0.02127659574468085,0.07878787878787878,1.8887063555729136,-0.11658573262767495,4.126873574622144,7,False,False
1996,Higgsino,0,5,0.0070921985815602835,0.06666666666666667,3.232660756790275,1.5457555286482525,4.019881865556562,5,False,True
1996,LSP,3,12,0.04964539007092199,0.15151515151515152,1.6097304058700983,0.33970262763315273,4.393257987331009,15,False,True
1996,MACHO,34,1,0.48936170212765956,0.01818181818181818,-4.750332817904035,-6.619965569566704,-3.3514106083686324,35,True,True
1996,Mirror DM,1,1,0.02127659574468085,0.01818181818181818,-0.2267708618470223,-2.8872944643891265,2.4752930229143555,2,False,False
1996,Neutralino,7,29,0.10638297872340426,0.3575757575757576,1.7489815919063005,0.9708536543404835,3.009396044007403,36,True,True
1996,PBH,3,0,0.04964539007092199,0.006060606060606061,-3.0341257839046265,-4.040049430655317,-0.2646272531313049,3,False,True
1996,SFDM,0,0,0.0070921985815602835,0.006060606060606061,-0.22677086184702214,-0.4285492039218334,-0.02003089077616725,0,False,True
1996,Sterile nu,4,6,0.06382978723404255,0.07878787878787878,0.30374385485175753,-1.466668563499128,2.7580553214460606,10,False,False
1996,ULA / Fuzzy,0,0,0.0070921985815602835,0.006060606060606061,-0.22677086184702214,-0.4285492039218334,-0.02003089077616725,0,False,True
1997,Axion + ALP,6,15,0.09090909090909091,0.15270935960591134,0.7482920118389963,-0.37736942404392926,2.3752340718519704,21,True,False
1997,Bino,0,2,0.006993006993006993,0.024630541871921183,1.8164635144805756,-0.559827273575046,2.9683260078063034,2,False,False
1997,Generic WIMP,4,5,0.06293706293706294,0.054187192118226604,-0.21595796321180194,-2.0927834619503756,1.7962524731238683,9,False,False
1997,Gravitino,1,14,0.02097902097902098,0.14285714285714285,2.7675539139996292,1.187145445182823,4.781670702771134,15,False,True
1997,Higgsino,1,7,0.02097902097902098,0.07389162561576355,1.8164635144805756,0.016610297680841126,3.950326779049694,8,False,True
1997,LSP,0,19,0.006993006993006993,0.1921182266009852,4.779937638455461,4.192438684968993,5.210830500618184,19,False,True
1997,MACHO,35,0,0.4965034965034965,0.0049261083743842365,-6.655211699911469,-6.963469154501321,-6.304025854368805,35,True,True
1997,Mirror DM,1,0,0.02097902097902098,0.0049261083743842365,-2.090427081127943,-3.423305933516043,-0.3777564831993841,1,False,True
1997,Neutralino,11,24,0.16083916083916083,0.2413793103448276,0.5856833076514086,-0.21100528518324943,1.5862393575368545,35,True,False
1997,PBH,5,0,0.07692307692307693,0.0049261083743842365,-3.9648961990440843,-4.789117612135836,-2.1665078415354606,5,False,True
1997,SFDM,0,0,0.006993006993006993,0.0049261083743842365,-0.5054645804067868,-0.6645678835852812,-0.34423466183779927,0,False,True
1997,Sterile nu,1,9,0.02097902097902098,0.09359605911330049,2.1575004323156426,0.40053283388210653,4.260462547855915,10,False,True
1997,ULA / Fuzzy,0,0,0.006993006993006993,0.0049261083743842365,-0.5054645804067868,-0.6645678835852812,-0.34423466183779927,0,False,True
1998,Axion + ALP,14,23,0.15508021390374332,0.17735849056603772,0.19365376698714012,-0.6736650996851246,1.130827936440411,37,True,False
1998,Bino,0,5,0.0053475935828877,0.04150943396226415,2.9564775290743723,1.1528375785667997,3.7885703093275835,5,False,True
1998,Generic WIMP,10,9,0.11229946524064172,0.07169811320754717,-0.6473439988980998,-1.9151280192288391,0.629690148776475,19,False,False
1998,Gravitino,2,13,0.026737967914438502,0.1018867924528302,1.9300053177131813,0.41635880517466867,4.4562892706353,15,False,True
1998,Higgsino,1,5,0.016042780748663103,0.04150943396226415,1.371515028353216,-0.5122061582858422,3.6522247702699118,6,False,False
1998,LSP,1,21,0.016042780748663103,0.16226415094339622,3.338348164418017,1.879507455055984,5.253722950067202,22,True,True
1998,MACHO,40,2,0.43315508021390375,0.018867924528301886,-4.5208759975601875,-6.964185410177466,-3.343313823785221,42,True,True
1998,Mirror DM,0,0,0.0053475935828877,0.0037735849056603774,-0.5029540895629248,-0.6634175350480994,-0.350646912008889,0,False,True
1998,Neutralino,7,34,0.08021390374331551,0.26037735849056604,1.6986797716067257,0.8106827327276521,3.1578905716991263,41,True,True
1998,PBH,7,2,0.08021390374331551,0.018867924528301886,-2.087916590284081,-4.7983095608378665,-0.4299485616049627,9,False,True
1998,SFDM,0,0,0.0053475935828877,0.0037735849056603774,-0.5029540895629248,-0.6634175350480994,-0.350646912008889,0,False,True
1998,Sterile nu,5,12,0.058823529411764705,0.09433962264150944,0.6814704815745026,-0.6530547052186505,2.459632524448863,17,False,False
1998,ULA / Fuzzy,0,0,0.0053475935828877,0.0037735849056603774,-0.5029540895629248,-0.6634175350480994,-0.350646912008889,0,False,True
1999,Axion + ALP,16,32,0.14410480349344978,0.19519519519519518,0.4377991146956828,-0.3086607238249296,1.2440200310605773,48,True,False
1999,Bino,0,1,0.004366812227074236,0.009009009009009009,1.044787921746838,-0.6224945572177574,2.3388695119934044,1,False,False
1999,Generic WIMP,11,21,0.10043668122270742,0.12912912912912913,0.3625282196707669,-0.5227776679167458,1.418068937059,32,True,False
1999,Gravitino,1,14,0.013100436681222707,0.08708708708708708,2.7328439154320976,1.1542901106629893,4.77721334989206,15,False,True
1999,Higgsino,0,5,0.004366812227074236,0.03303303303303303,2.919257039662979,1.0882594908985108,3.764332469426452,5,False,True
1999,LSP,4,15,0.039301310043668124,0.09309309309309309,1.2440967299702446,0.021905714639164877,3.1724378512175875,19,False,True
1999,MACHO,42,2,0.37117903930131,0.015015015015015015,-4.627637420224658,-7.05305556822675,-3.4533343227488134,44,True,True
1999,Mirror DM,5,1,0.048034934497816595,0.009009009009009009,-2.4146436968904594,-4.645364644295903,-0.48355302452745946,6,False,True
1999,Neutralino,11,42,0.10043668122270742,0.2552552552552553,1.345654401106371,0.5925346347656484,2.371186434092664,53,True,True
1999,PBH,13,2,0.11790393013100436,0.015015015015015015,-2.9731339862504242,-5.60545886851822,-1.488907736187617,15,False,True
1999,SFDM,0,0,0.004366812227074236,0.003003003003003003,-0.5401745789743181,-0.6738719165833521,-0.4015551552500209,0,False,True
1999,Sterile nu,5,25,0.048034934497816595,0.15315315315315314,1.67281914435988,0.6698953165938888,3.516918791373058,30,True,True
1999,ULA / Fuzzy,0,0,0.004366812227074236,0.003003003003003003,-0.5401745789743181,-0.6738719165833521,-0.4015551552500209,0,False,True
2000,Axion + ALP,10,17,0.11475409836065574,0.1111111111111111,-0.046542585937030354,-0.965588165533714,1.03463925700629,27,True,False
2000,Bino,0,4,0.00546448087431694,0.02857142857142857,2.386416821339076,0.7316093202842539,3.3352321052360243,4,False,True
2000,Generic WIMP,15,12,0.16939890710382513,0.07936507936507936,-1.093848300715387,-2.1493401630812956,-0.09561738118548348,27,True,True
2000,Gravitino,0,9,0.00546448087431694,0.06031746031746032,3.464419333340349,2.356704105867822,4.19629775263311,9,False,True
2000,Higgsino,0,6,0.00546448087431694,0.04126984126984127,2.916931538037856,1.4466729200338169,3.745420100594593,6,False,True
2000,LSP,4,28,0.04918032786885246,0.18095238095238095,1.879456832619193,0.8757203546295557,3.6281499051118686,32,True,True
2000,MACHO,27,3,0.3005464480874317,0.022222222222222223,-3.757512971570292,-6.553958692855038,-2.6558322152172735,30,True,True
2000,Mirror DM,3,5,0.03825136612021858,0.03492063492063492,-0.13143148352354322,-2.0785377102072946,2.575287247194037,8,False,False
2000,Neutralino,9,52,0.10382513661202186,0.3333333333333333,1.6828098241193006,0.9579332501382924,2.746210254682038,61,True,True
2000,PBH,12,2,0.1366120218579235,0.015873015873015872,-3.105436274990599,-5.7557344176270915,-1.5873341655829427,14,False,True
2000,SFDM,0,0,0.00546448087431694,0.0031746031746031746,-0.7835081801032362,-0.9434164716336325,-0.6074465148725352,0,False,True
2000,Sterile nu,5,13,0.060109289617486336,0.08571428571428572,0.511947703422935,-0.8062211967349973,2.3732673863384424,18,False,False
2000,ULA / Fuzzy,0,0,0.00546448087431694,0.0031746031746031746,-0.7835081801032362,-0.9434164716336325,-0.6074465148725352,0,False,True
2001,Axion + ALP,7,30,0.06787330316742081,0.13958810068649885,1.040259831845201,0.10219273307053986,2.48196356817931,37,True,True
2001,Bino,0,8,0.004524886877828055,0.038901601830663615,3.1038759311411726,1.8976450526217397,3.784855625721782,8,False,True
2001,Generic WIMP,31,37,0.2850678733031674,0.17162471395881007,-0.7320481431132023,-1.3496608688574698,-0.11361964726395182,68,True,True
2001,Gravitino,1,17,0.013574660633484163,0.08009153318077804,2.5607336061146437,1.0663748774959245,4.564522741725424,18,False,True
2001,Higgsino,2,7,0.02262443438914027,0.034324942791762014,0.6013755906119895,-1.0230378978420422,3.277659976145708,9,False,False
2001,LSP,5,24,0.049773755656108594,0.11212814645308924,1.171691315368744,0.09057883503789577,2.999868163225507,29,True,True
2001,MACHO,23,1,0.21266968325791855,0.006864988558352402,-4.953213261065648,-6.892323749940594,-3.400031105156966,24,True,True
2001,Mirror DM,3,3,0.03167420814479638,0.016018306636155607,-0.9835869101091667,-3.4821977772489165,1.8237680119484372,6,False,False
2001,Neutralino,22,66,0.20361990950226244,0.30434782608695654,0.5798424290623483,0.08925098315206037,1.2142931768460368,88,True,True
2001,PBH,8,5,0.07692307692307693,0.02517162471395881,-1.6116181327222092,-3.5191467272924264,-0.08945369050534392,13,False,True
2001,SFDM,0,0,0.004524886877828055,0.002288329519450801,-0.983586910109167,-1.130232470773831,-0.8437907955847387,0,False,True
2001,Sterile nu,2,14,0.02262443438914027,0.06636155606407322,1.5524659901310427,0.06964373029973506,4.121595911953186,16,False,True
2001,ULA / Fuzzy,0,0,0.004524886877828055,0.002288329519450801,-0.983586910109167,-1.130232470773831,-0.8437907955847387,0,False,True
2002,Axion + ALP,6,11,0.07878787878787878,0.07076923076923076,-0.1548514557540804,-1.4229443321260824,1.5191783547489206,17,False,False
2002,Bino,0,4,0.006060606060606061,0.027692307692307693,2.191951307772311,0.5893926619193811,3.040357541063589,4,False,True
2002,Generic WIMP,16,23,0.2,0.14461538461538462,-0.46777896135081715,-1.215765810854383,0.3293287586536865,39,True,False
2002,Gravitino,2,12,0.030303030303030304,0.07692307692307693,1.3439544012173612,-0.08511017052606969,3.9320603897797093,14,False,False
2002,Higgsino,1,6,0.01818181818181818,0.04,1.1375035237499351,-0.870740296062314,3.304511041809953,7,False,False
2002,LSP,3,22,0.04242424242424243,0.13846153846153847,1.7065244806020694,0.5123075222453056,4.3816107462591765,25,True,True
2002,MACHO,9,1,0.11515151515151516,0.009230769230769232,-3.6409387063924306,-5.816936187257726,-1.870372489160765,10,False,True
2002,Mirror DM,4,2,0.05454545454545454,0.015384615384615385,-1.8259706002249507,-4.5971460633159476,0.39927018342052706,6,False,False
2002,Neutralino,18,66,0.22424242424242424,0.40923076923076923,0.8678553762022387,0.3825622772140173,1.5630072550862975,84,True,True
2002,PBH,12,2,0.15151515151515152,0.015384615384615385,-3.2999017885573636,-5.921646673221101,-1.7749916304565407,14,False,True
2002,SFDM,2,0,0.030303030303030304,0.003076923076923077,-3.2999017885573636,-4.515262255501612,-0.8827616239533884,2,False,True
2002,Sterile nu,2,7,0.030303030303030304,0.046153846153846156,0.6069888070511552,-1.1534512365258989,3.3168679105436634,9,False,False
2002,ULA / Fuzzy,1,0,0.01818181818181818,0.003076923076923077,-2.562936194391157,-3.862510404447279,-0.8479505474534235,1,False,True
2003,Axion + ALP,10,22,0.08860759493670886,0.16129032258064516,0.864157610619986,-0.08439432717591844,2.066562488559645,32,True,False
2003,Bino,1,5,0.012658227848101266,0.03942652329749104,1.6390910549852125,-0.23238274058529276,3.8374123826962085,6,False,False
2003,Generic WIMP,28,16,0.24050632911392406,0.11827956989247312,-1.0238739577372167,-1.8509736397147385,-0.334334160011023,44,True,True
2003,Gravitino,3,10,0.029535864978902954,0.07526881720430108,1.3495844377902277,-0.17088137596969227,4.021232955222399,13,False,False
2003,Higgsino,0,7,0.004219409282700422,0.053763440860215055,3.6715125326775904,2.240447427606349,4.388016798910361,7,False,True
2003,LSP,8,18,0.07172995780590717,0.13261648745519714,0.8866124614476819,-0.06110611235429264,2.1525826835789035,26,True,False
2003,MACHO,17,2,0.14767932489451477,0.017921146953405017,-3.0427329849885325,-5.587986227222501,-1.724701648278611,19,False,True
2003,Mirror DM,4,5,0.0379746835443038,0.03942652329749104,0.05412855426405642,-1.897842561582093,2.0028209940389368,9,False,False
2003,Neutralino,20,43,0.1729957805907173,0.3118279569892473,0.8500134282997162,0.298924694310839,1.519036398470131,63,True,True
2003,PBH,18,1,0.15611814345991562,0.010752688172043012,-3.859868927838722,-5.86584157134421,-2.3518352787111314,19,False,True
2003,SFDM,1,0,0.012658227848101266,0.0035842293906810036,-1.8203405636520846,-3.128248190580595,-0.11688130029561891,1,False,True
2003,Sterile nu,2,4,0.02109704641350211,0.03225806451612903,0.6126188436240215,-1.7295273885730738,3.5011689205928116,6,False,False
2003,ULA / Fuzzy,0,0,0.004219409282700422,0.0035842293906810036,-0.23537806293092842,-0.38189186393520624,-0.08146410062889636,0,False,True
2004,Axion + ALP,15,16,0.10163934426229508,0.07838479809976247,-0.3748131816445692,-1.3941469291330273,0.5913916027698493,31,True,False
2004,Bino,1,9,0.009836065573770493,0.04513064133016627,2.1979540221062814,0.5054741276900487,4.298548347137049,10,False,True
2004,Generic WIMP,33,17,0.21967213114754097,0.0831353919239905,-1.4018171641289534,-2.256942779119084,-0.711043267217315,50,True,True
2004,Gravitino,6,27,0.04262295081967213,0.13064133016627077,1.61590900476742,0.6224188233955231,3.1392643790390458,33,True,True
2004,Higgsino,0,12,0.003278688524590164,0.05938242280285035,4.178845199158577,3.318530170839343,4.793338407007446,12,False,True
2004,LSP,5,33,0.036065573770491806,0.15914489311163896,2.141646581204328,1.217743543751358,3.7251171844160043,38,True,True
2004,MACHO,20,0,0.13442622950819672,0.0023752969121140144,-5.822562995234231,-6.335138368582173,-5.123896099309881,20,True,True
2004,Mirror DM,6,4,0.04262295081967213,0.021377672209026127,-0.9955257073149273,-3.1169620636041095,0.739025790713486,10,False,False
2004,Neutralino,40,79,0.26557377049180325,0.37767220902612825,0.5080219617835834,0.12197469980688991,0.9892636929719579,119,True,True
2004,PBH,11,0,0.07540983606557378,0.0023752969121140144,-4.988572946673161,-5.663517424264107,-3.9216418883498245,11,False,True
2004,SFDM,0,0,0.003278688524590164,0.0023752969121140144,-0.4650109906161473,-0.6257102835840247,-0.3100190663384481,0,False,True
2004,Sterile nu,9,7,0.06229508196721312,0.035629453681710214,-0.8060479084512145,-2.4627607470823314,0.5307474177932887,16,False,False
2004,ULA / Fuzzy,0,0,0.003278688524590164,0.0023752969121140144,-0.4650109906161473,-0.6257102835840247,-0.3100190663384481,0,False,True
2005,Axion + ALP,16,24,0.10749185667752444,0.08957952468007313,-0.2629864526656223,-1.1249593872179284,0.6539477312134778,40,True,False
2005,Bino,0,13,0.003257328990228013,0.04936014625228519,3.9215853247410912,3.029802223002991,4.511380520198241,13,False,True
2005,Generic WIMP,42,25,0.2768729641693811,0.09323583180987204,-1.5702677715885833,-2.263894247930928,-0.9731049544167694,67,True,True
2005,Gravitino,8,29,0.05537459283387622,0.10786106032906764,0.9618780306891247,0.12416753975252089,2.1460005352596223,37,True,True
2005,Higgsino,2,41,0.016286644951140065,0.15173674588665448,3.2198091590371853,1.9715233917554715,5.693318621561005,43,True,True
2005,LSP,6,37,0.04234527687296417,0.13711151736745886,1.6950767949324115,0.7890069484829382,3.1977328478304394,43,True,True
2005,MACHO,15,0,0.10097719869706841,0.0018281535648994515,-5.787498487809252,-6.3963103841773306,-4.926732550180153,15,False,True
2005,Mirror DM,4,2,0.029315960912052116,0.009140767824497258,-1.6812990839773272,-4.415383294366739,0.47146310881500697,6,False,False
2005,Neutralino,33,85,0.2182410423452769,0.3126142595978062,0.5184611470057481,0.10217149599790373,1.0004783294768151,118,True,True
2005,PBH,11,1,0.0749185667752443,0.005484460694698354,-3.771901632758234,-5.849510846673524,-2.0436334320473786,12,False,True
2005,SFDM,0,0,0.003257328990228013,0.0018281535648994515,-0.8333021774223772,-0.9581154951287594,-0.7152296645149114,0,False,True
2005,Sterile nu,10,10,0.06840390879478828,0.038391224862888484,-0.8333021774223772,-2.0533558376198275,0.4807425004202868,20,True,False
2005,ULA / Fuzzy,0,0,0.003257328990228013,0.0018281535648994515,-0.8333021774223772,-0.9581154951287594,-0.7152296645149114,0,False,True
2006,Axion + ALP,16,24,0.13253012048192772,0.09124767225325885,-0.538460621160577,-1.3828053581876627,0.3819838415219484,40,True,False
2006,Bino,1,14,0.012048192771084338,0.054003724394785846,2.164242148489084,0.5754245643274486,4.175825309984918,15,False,True
2006,Generic WIMP,28,17,0.2289156626506024,0.06517690875232775,-1.8123833431371068,-2.7143841294329207,-1.0803415317293763,45,True,True
2006,Gravitino,7,46,0.060240963855421686,0.17318435754189945,1.5234918695821813,0.6684217494599373,2.898914516185843,53,True,True
2006,Higgsino,0,28,0.004016064257028112,0.10614525139664804,4.72411366824741,4.238951776864694,5.111149926184993,28,True,True
2006,LSP,4,41,0.03614457831325301,0.15456238361266295,2.096338083987281,1.1329629370677292,3.8177881690526365,45,True,True
2006,MACHO,13,0,0.10843373493975904,0.00186219739292365,-5.8636638480808,-6.45099513728363,-4.944774152951445,13,False,True
2006,Mirror DM,2,0,0.020080321285140562,0.00186219739292365,-3.430704440804694,-4.582730124773777,-1.0380608529099313,2,False,True
2006,Neutralino,21,80,0.17269076305220885,0.29981378026070765,0.7958757774951873,0.2935059015513979,1.4899168211483282,101,True,True
2006,PBH,6,1,0.05220883534136546,0.00558659217877095,-3.2242535633372675,-5.494183609812789,-1.1544993137266018,7,False,True
2006,SFDM,3,0,0.028112449799196786,0.00186219739292365,-3.9161312679749356,-4.977142812306881,-1.0963930818725947,3,False,True
2006,Sterile nu,17,11,0.14056224899598393,0.04283054003724395,-1.7144974068052852,-2.8594070163423364,-0.7055455387399179,28,True,True
2006,ULA / Fuzzy,0,0,0.004016064257028112,0.00186219739292365,-1.1087763459173314,-1.264619799594314,-0.9522335810692726,0,False,True
2007,Axion + ALP,15,43,0.1111111111111111,0.12482065997130559,0.16785365142261774,-0.6021975560984115,1.0446980733044715,58,True,False
2007,Bino,0,14,0.0035842293906810036,0.04160688665710186,3.5370874610883365,2.6671781037500346,4.097457479807417,14,False,True
2007,Generic WIMP,55,28,0.3978494623655914,0.08177905308464849,-2.2824193862246,-2.8827004853327165,-1.7471646208384601,83,True,True
2007,Gravitino,4,65,0.03225806451612903,0.18794835007173602,2.5426044660559026,1.5234884991819877,4.293219757396895,69,True,True
2007,Higgsino,0,22,0.0035842293906810036,0.06456241032998565,4.170959562290439,3.5473391167152464,4.6219919517369,22,True,True
2007,LSP,3,50,0.025089605734767026,0.1449067431850789,2.529963026654955,1.4688382455999285,5.260171507699165,53,True,True
2007,MACHO,7,0,0.053763440860215055,0.0014347202295552368,-5.227784129647754,-6.029136070814074,-3.671428200016595,7,False,True
2007,Mirror DM,0,2,0.0035842293906810036,0.007173601147776184,1.0010345608481268,-1.375365357264602,2.195322335595396,2,False,False
2007,Neutralino,16,95,0.11827956989247312,0.27403156384505023,1.2121411746380597,0.6106543336001826,2.0285330145582656,111,True,True
2007,PBH,11,6,0.08243727598566308,0.018651362984218076,-2.1440157719551562,-3.846799025371271,-0.8339718361367919,17,False,True
2007,SFDM,0,0,0.0035842293906810036,0.0014347202295552368,-1.3208935340392354,-1.423889104589991,-1.2166360245088972,0,False,True
2007,Sterile nu,22,17,0.16129032258064516,0.05021520803443329,-1.6834636134239438,-2.6403671875883132,-0.8384709042109365,39,True,True
2007,ULA / Fuzzy,0,0,0.0035842293906810036,0.0014347202295552368,-1.3208935340392354,-1.423889104589991,-1.2166360245088972,0,False,True
2008,Axion + ALP,16,43,0.10410094637223975,0.12927191679049035,0.31242571201936514,-0.3650264624454711,1.2166641521642565,59,True,False
2008,Bino,0,13,0.0031545741324921135,0.04011887072808321,3.6687638376925586,2.8067091882674373,4.23829188315015,13,False,True
2008,Generic WIMP,72,39,0.45741324921135645,0.11738484398216939,-1.9622520063087414,-2.4693097403694972,-1.5108764442064162,111,True,True
2008,Gravitino,5,54,0.03470031545741325,0.16196136701337296,2.2226290416687196,1.2313886344837464,4.083132047477499,59,True,True
2008,Higgsino,0,23,0.0031545741324921135,0.06983655274888559,4.468465187206728,3.819979462022385,4.938308133492836,23,True,True
2008,LSP,0,42,0.0031545741324921135,0.1263001485884101,5.323267271666792,4.8971667504727705,5.637188665308629,42,True,True
2008,MACHO,4,0,0.028391167192429023,0.0014858841010401188,-4.256048665913222,-5.18588203405198,-2.6262118751154686,4,False,True
2008,Mirror DM,3,2,0.022082018927444796,0.007429420505200594,-1.5715504916411518,-4.291435870330889,1.028332844527248,5,False,False
2008,Neutralino,17,98,0.11041009463722397,0.29271916790490343,1.4066451380405,0.8425664663814402,2.222180550043555,115,True,True
2008,PBH,9,1,0.05993690851735016,0.004457652303120356,-3.749088677193339,-5.877974602054616,-1.9694755306933167,10,False,True
2008,SFDM,1,0,0.00946372239747634,0.0014858841010401188,-2.671086165192066,-3.9315577923064553,-1.0200811584355212,1,False,True
2008,Sterile nu,25,15,0.1608832807570978,0.04606240713224369,-1.80435269605553,-2.762286170379233,-0.9900818897868029,40,True,True
2008,ULA / Fuzzy,0,0,0.0031545741324921135,0.0014858841010401188,-1.0861236644709098,-1.1724998638800206,-0.9977369484914308,0,False,True
2009,Axion + ALP,19,50,0.10455764075067024,0.12801013941698353,0.2919595941313256,-0.3449645101181208,1.0883137015241133,69,True,False
2009,Bino,0,18,0.002680965147453083,0.046894803548795945,4.128603695870729,3.3980525469471665,4.628953263933884,18,False,True
2009,Generic WIMP,84,56,0.45308310991957107,0.1432192648922687,-1.6615501436252176,-2.1125937643038215,-1.2784848558176642,140,True,True
2009,Gravitino,5,58,0.029490616621983913,0.1482889733840304,2.3300834311878864,1.3989933998094966,4.174096717734136,63,True,True
2009,Higgsino,0,26,0.002680965147453083,0.06717363751584284,4.647070784804979,4.051255259462479,5.084159998159128,26,True,True
2009,LSP,3,46,0.01876675603217158,0.11787072243346007,2.6509542192922066,1.575360800656609,5.427352242830786,49,True,True
2009,MACHO,16,0,0.08847184986595175,0.0012674271229404308,-6.125243789116674,-6.716962128596534,-5.352669464008742,16,False,True
2009,Mirror DM,5,3,0.029490616621983913,0.008871989860583017,-1.732926366337914,-4.538326488274303,0.35847096327203265,8,False,False
2009,Neutralino,17,109,0.0938337801608579,0.27756653992395436,1.5646543728979863,1.015117802205818,2.351863873189261,126,True,True
2009,PBH,14,4,0.0777479892761394,0.011406844106463879,-2.7689056634434803,-4.790614961258218,-1.4852644361763923,18,False,True
2009,SFDM,2,0,0.013404825737265416,0.0012674271229404308,-3.4027777646455832,-4.5867897641244,-1.0366627747603216,2,False,True
2009,Sterile nu,13,18,0.07238605898123325,0.046894803548795945,-0.6262838062927396,-1.5645627612968094,0.4894969832688998,31,True,False
2009,ULA / Fuzzy,2,0,0.013404825737265416,0.0012674271229404308,-3.4027777646455832,-4.562061240889233,-1.032676366989279,2,False,True
2010,Axion + ALP,24,55,0.14803625377643503,0.13105076741440377,-0.1758247302900831,-0.7791281435680616,0.518066284457503,79,True,False
2010,Bino,1,16,0.00906344410876133,0.03896103896103896,2.103900866112316,0.6274714264951161,4.093044941842993,17,False,True
2010,Generic WIMP,70,69,0.4259818731117825,0.1641086186540732,-1.3761410322002672,-1.77583628128602,-0.9892822799901467,139,True,True
2010,Gravitino,4,60,0.027190332326283987,0.14285714285714285,2.393407483307301,1.3903061203596354,4.184103615052552,64,True,True
2010,Higgsino,1,21,0.00906344410876133,0.05076741440377804,2.485771501455961,1.0751410145105083,4.439656810494653,22,True,True
2010,LSP,1,52,0.00906344410876133,0.12396694214876033,3.7737522644199855,2.4776718923840977,5.556563614929718,53,True,True
2010,MACHO,5,0,0.03323262839879154,0.0011806375442739079,-4.814962371162278,-5.697730785817435,-2.9800643414489576,5,False,True
2010,Mirror DM,5,4,0.03323262839879154,0.010625737898465172,-1.6450373697199658,-3.6643934765971844,0.2539988594272122,9,False,False
2010,Neutralino,21,118,0.1299093655589124,0.2798110979929162,1.1069477416711804,0.5836400107420533,1.801483899353539,139,True,True
2010,PBH,10,3,0.0634441087613293,0.008264462809917356,-2.940493253246137,-5.799166491329486,-1.3743024809565736,13,False,True
2010,SFDM,2,0,0.015105740181268883,0.0011806375442739079,-3.6774588474123435,-4.844553540011853,-1.2967236550812742,2,False,True
2010,Sterile nu,13,18,0.08157099697885196,0.043683589138134596,-0.9009648890594995,-1.8298988782845942,0.2041527870854763,31,True,False
2010,ULA / Fuzzy,2,1,0.015105740181268883,0.0035419126328217238,-2.0924963466911874,-4.585713468372544,0.9042692611033436,3,False,False
2011,Axion + ALP,22,36,0.1505016722408027,0.08342857142857144,-0.8511660699712437,-1.5378365691266762,-0.08075441692161972,58,True,True
2011,Bino,0,21,0.0033444816053511705,0.04914285714285714,3.877127222180512,3.176457183844749,4.358885766239071,21,True,True
2011,Generic WIMP,70,63,0.47157190635451507,0.14514285714285713,-1.7000041981482141,-2.1174530771602678,-1.3099487956289384,133,True,True
2011,Gravitino,1,66,0.010033444816053512,0.152,3.9211824022584474,2.5440500539355746,5.719997396724352,67,True,True
2011,Higgsino,0,26,0.0033444816053511705,0.060571428571428575,4.178782922041614,3.646671781365236,4.599239611224337,26,True,True
2011,LSP,2,70,0.016722408026755852,0.16114285714285714,3.268485724989845,2.040062126322574,5.678888235366362,72,True,True
2011,MACHO,8,0,0.056856187290969896,0.001142857142857143,-5.636600373771925,-6.377974247979293,-4.379138333718619,8,False,True
2011,Mirror DM,0,3,0.0033444816053511705,0.008,1.258217389536018,-1.5496279645610167,2.2887528499393857,3,False,False
2011,Neutralino,8,110,0.056856187290969896,0.25257142857142856,2.151302185619506,1.3997454677439096,3.434666623229859,118,True,True
2011,PBH,12,3,0.08361204013377926,0.008,-3.3856388002387066,-6.20959356312088,-1.8935776414289482,15,False,True
2011,SFDM,3,0,0.023411371237458192,0.001142857142857143,-4.3564924545791905,-5.4213152894564205,-1.5512324960610728,3,False,True
2011,Sterile nu,13,33,0.0903010033444816,0.07657142857142857,-0.2379358442272823,-1.0715581395232612,0.7843087156551346,46,True,False
2011,ULA / Fuzzy,4,0,0.030100334448160536,0.001142857142857143,-4.719062533963898,-5.681987828804762,-3.088656145212983,4,False,True
2012,Axion + ALP,20,71,0.12238805970149254,0.14033366045142295,0.1973982813396267,-0.3872427480061152,0.973769311718902,91,True,False
2012,Bino,0,23,0.0029850746268656717,0.04612365063788027,3.9496678008569583,3.337793269547647,4.437437465085021,23,True,True
2012,Generic WIMP,76,58,0.45671641791044776,0.11481844946025516,-1.9919441739299264,-2.442240064553201,-1.5762374517256161,134,True,True
2012,Gravitino,3,61,0.020895522388059702,0.12070657507360157,2.530238532460957,1.470995721786376,5.325348716671999,64,True,True
2012,Higgsino,0,45,0.0029850746268656717,0.08930323846908735,4.902873589378017,4.484201108739361,5.236782645534259,45,True,True
2012,LSP,2,64,0.014925373134328358,0.12659470068694798,3.0843781097152125,1.8652908233501544,5.498617893082503,66,True,True
2012,MACHO,7,0,0.04477611940298507,0.0009813542688910696,-5.511811646429198,-6.295516555791884,-4.337569145451272,7,False,True
2012,Mirror DM,4,4,0.026865671641791045,0.008832188420019628,-1.604921050820679,-3.934986634471823,0.700835479114924,8,False,False
2012,Neutralino,4,137,0.026865671641791045,0.2698724239450442,3.3284417561490307,2.400677351046534,5.001324406256557,141,True,True
2012,PBH,19,2,0.11641791044776119,0.004906771344455349,-4.568395174795565,-7.116401739812493,-3.166374283142654,21,True,True
2012,SFDM,4,0,0.026865671641791045,0.0009813542688910696,-4.774846052262991,-5.726054772797051,-3.1347965693587088,4,False,True
2012,Sterile nu,14,38,0.08656716417910448,0.07556427870461237,-0.1961155052533498,-0.9821122428122153,0.7547538466150127,52,True,False
2012,ULA / Fuzzy,8,0,0.050746268656716415,0.0009813542688910696,-5.692383892071018,-6.43169636000531,-4.433152661144992,8,False,True
2013,Axion + ALP,34,76,0.22044728434504793,0.1392174704276615,-0.6630934381021303,-1.1317958892249396,-0.12870876089153083,110,True,True
2013,Bino,1,32,0.009584664536741214,0.059144676979071886,2.6254484882906857,1.1674918441105604,4.520909916972363,33,True,True
2013,Generic WIMP,56,71,0.3610223642172524,0.13011828935395814,-1.4722644496534112,-1.9106932643526924,-1.062772708028297,127,True,True
2013,Gravitino,1,58,0.009584664536741214,0.10646041856232939,3.4734453948456356,2.0497636376552055,5.294408652609609,59,True,True
2013,Higgsino,0,68,0.003194888178913738,0.12465878070973613,5.286075258943914,4.9940429174766,5.545513491325668,68,True,True
2013,LSP,1,45,0.009584664536741214,0.08280254777070063,3.110875315460927,1.7152504055098292,4.9705571385207055,46,True,True
2013,MACHO,2,0,0.01597444089456869,0.0009099181073703367,-4.133884918903975,-5.303496165133445,-1.7857316967080699,2,False,True
2013,Mirror DM,5,3,0.03514376996805112,0.006369426751592357,-2.4640335205963058,-5.233652201798025,-0.49911975544904136,8,False,True
2013,Neutralino,6,144,0.04153354632587859,0.2629663330300273,2.662529140342974,1.8559381889678,4.076881944240508,150,True,True
2013,PBH,17,4,0.11182108626198083,0.00818926296633303,-3.771314839519267,-5.684032447517758,-2.578150746074032,21,True,True
2013,SFDM,5,0,0.03514376996805112,0.0009099181073703367,-5.27138844265391,-6.175997401114565,-3.420585513292111,5,False,True
2013,Sterile nu,17,42,0.11182108626198083,0.07734303912647862,-0.5318489048238773,-1.2469191827968755,0.3105389533445113,59,True,False
2013,ULA / Fuzzy,5,0,0.03514376996805112,0.0009099181073703367,-5.27138844265391,-6.192491010597761,-3.4499353920494986,5,False,True
2014,Axion + ALP,22,89,0.14195583596214512,0.17129186602870813,0.27101448410574375,-0.3037368338801252,0.9718929231940029,111,True,False
2014,Bino,0,32,0.0031545741324921135,0.06220095693779904,4.301419616199617,3.8338453601199736,4.686541750592478,32,True,True
2014,Generic WIMP,58,65,0.36908517350157727,0.12535885167464114,-1.557889914874792,-2.013616525809774,-1.1353099516440246,123,True,True
2014,Gravitino,3,59,0.022082018927444796,0.11387559808612441,2.3665146444215015,1.2427115975042708,5.179136798820333,62,True,True
2014,Higgsino,0,58,0.0031545741324921135,0.11196172248803828,5.149416522754567,4.798276328479757,5.441632978360936,58,True,True
2014,LSP,0,58,0.0031545741324921135,0.11196172248803828,5.149416522754567,4.777927619774814,5.436089169205607,58,True,True
2014,MACHO,7,0,0.0473186119873817,0.0009569377990430622,-5.627838792437356,-6.392170974950645,-4.182134573816275,7,False,True
2014,Mirror DM,6,1,0.04100946372239748,0.0028708133971291866,-3.836425414248774,-6.119560465232463,-1.7477236814726154,7,False,True
2014,Neutralino,1,101,0.00946372239747634,0.19425837320574163,4.359425219635182,3.0542205733765604,6.087814137366653,102,True,True
2014,PBH,9,2,0.05993690851735016,0.004784688995215311,-3.646947615385061,-6.342908680598594,-2.0238007280012247,11,False,True
2014,SFDM,11,2,0.07255520504731862,0.004784688995215311,-3.922582057998489,-6.542719974600363,-2.40276546488696,13,False,True
2014,Sterile nu,28,49,0.17981072555205047,0.09473684210526316,-0.9244815909139698,-1.5151838510131348,-0.2828313633763277,77,True,True
2014,ULA / Fuzzy,7,0,0.0473186119873817,0.0009569377990430622,-5.627838792437356,-6.4139571831078115,-4.096156418920967,7,False,True
2015,Axion + ALP,40,94,0.23615160349854228,0.18086124401913875,-0.38483003945898503,-0.803842249524133,0.07614038478249636,134,True,False
2015,Bino,0,27,0.0029154518950437317,0.05263157894736842,4.174137252729227,3.6265000442889614,4.621141472571747,27,True,True
2015,Generic WIMP,54,69,0.3177842565597668,0.13301435406698564,-1.256465712848852,-1.6988548520248752,-0.8263329331491239,123,True,True
2015,Gravitino,2,41,0.014577259475218658,0.07942583732057416,2.4458888756641297,1.2232477954336638,4.931347742686857,43,True,True
2015,Higgsino,0,69,0.0029154518950437317,0.13301435406698564,5.5117186119280746,5.174700325890688,5.792197848220309,69,True,True
2015,LSP,0,53,0.0029154518950437317,0.10239234449760766,5.134244525605714,4.748148339698456,5.450874697631399,53,True,True
2015,MACHO,1,0,0.008746355685131196,0.0009569377990430622,-3.192184961516589,-4.477260358395059,-1.5275501328642036,1,False,True
2015,Mirror DM,1,4,0.008746355685131196,0.00861244019138756,-0.022259960074276677,-2.3453287376455485,2.305420252593347,5,False,False
2015,Neutralino,4,103,0.026239067055393587,0.19808612440191387,2.91633949526158,1.9376065642359417,4.62812294152888,107,True,True
2015,PBH,14,3,0.08454810495626822,0.0066985645933014355,-3.6578485338654008,-6.429450336504134,-2.272916129368876,17,False,True
2015,SFDM,9,1,0.05539358600583091,0.0028708133971291866,-4.270187473517862,-6.408338837014282,-2.4356645458221275,10,False,True
2015,Sterile nu,31,49,0.1836734693877551,0.09473684210526316,-0.9551457642157398,-1.5032067237509266,-0.3109183039699686,80,True,True
2015,ULA / Fuzzy,9,3,0.05539358600583091,0.0066985645933014355,-3.047795052181414,-5.930045163283973,-1.581770465154909,12,False,True
2016,Axion + ALP,47,114,0.2560646900269542,0.23107971745711403,-0.14811769079968892,-0.5221787801263358,0.26379890295081887,161,True,False
2016,Bino,0,24,0.0026954177897574125,0.04944500504540868,4.197243973549523,3.609292264747565,4.6544062260742995,24,True,True
2016,Generic WIMP,44,59,0.2398921832884097,0.12008072653884964,-0.998381538224139,-1.4914551581372124,-0.46762161003089936,103,True,True
2016,Gravitino,5,34,0.029649595687331536,0.06962663975782038,1.231626967575187,0.1190442985634196,2.9836455331200056,39,True,True
2016,Higgsino,0,55,0.0026954177897574125,0.11200807265388496,5.376949995784421,5.025400432094551,5.679422653786029,55,True,True
2016,LSP,0,32,0.0026954177897574125,0.06559031281533804,4.60490194246277,4.082976916955639,5.008750815082183,32,True,True
2016,MACHO,3,0,0.018867924528301886,0.0010090817356205853,-4.224820792623289,-5.322437271901919,-1.4154966561498368,3,False,True
2016,Mirror DM,2,0,0.013477088948787063,0.0010090817356205853,-3.7393939654530475,-4.9170738070508015,-1.3845757129945095,2,False,True
2016,Neutralino,3,111,0.018867924528301886,0.2250252270433905,3.5760791072970157,2.494600294340458,6.373140635691074,114,True,True
2016,PBH,26,6,0.14285714285714285,0.013118062563067608,-3.444946606987792,-5.068947650401691,-2.4590444531561078,32,True,True
2016,SFDM,2,2,0.013477088948787063,0.005045408678102927,-1.4174658705656848,-4.300797806929075,1.4177763167170732,4,False,False
2016,Sterile nu,37,45,0.20215633423180593,0.09182643794147326,-1.1384899208628696,-1.6994859813591128,-0.5646980153360598,82,True,True
2016,ULA / Fuzzy,10,7,0.05660377358490566,0.015136226034308779,-1.9028926977359266,-3.463725252553256,-0.5943884769329139,17,False,True
2017,Axion + ALP,73,132,0.2888015717092338,0.26211671612265086,-0.13986923121312217,-0.4666787083388822,0.19202501030110464,205,True,False
2017,Bino,0,19,0.0019646365422396855,0.03857566765578635,4.295356783034929,3.5970803798573425,4.819615891737118,19,False,True
2017,Generic WIMP,53,70,0.21021611001964635,0.1394658753709199,-0.5919610698296726,-1.0632005757663052,-0.11764838649534697,123,True,True
2017,Gravitino,0,30,0.0019646365422396855,0.06033630069238378,4.940691901735567,4.3994715189239155,5.372459315356421,30,True,True
2017,Higgsino,1,51,0.005893909626719057,0.10187932739861523,4.111492590634743,2.7132282020263427,5.940739772765331,52,True,True
2017,LSP,0,34,0.0019646365422396855,0.06824925816023739,5.11847902095085,4.633067967314807,5.522824466170614,34,True,True
2017,MACHO,3,0,0.0137524557956778,0.0009891196834817012,-3.7974003578849236,-4.8630438213174685,-1.012747245929501,3,False,True
2017,Mirror DM,1,6,0.005893909626719057,0.012858555885262116,1.1254317815926167,-0.9899186833330715,3.430894133657342,7,False,False
2017,Neutralino,2,85,0.009823182711198428,0.16913946587537093,4.105878984171216,2.8183036686977823,6.551123379159346,87,True,True
2017,PBH,55,3,0.2180746561886051,0.006923837784371909,-4.977106380119821,-7.826738257578505,-3.8641451734479055,58,True,True
2017,SFDM,7,0,0.029469548133595286,0.0009891196834817012,-4.896936031435838,-5.696779971554617,-3.3518004391598804,7,False,True
2017,Sterile nu,29,61,0.11591355599214145,0.12166172106824925,0.06982602015007908,-0.5354667537873129,0.6951765625315109,90,True,False
2017,ULA / Fuzzy,24,8,0.0962671905697446,0.016815034619188922,-2.517292438692188,-3.9439117802179324,-1.529222452951065,32,True,True
2018,Axion + ALP,60,184,0.2396039603960396,0.3333333333333333,0.47631383964340634,0.14933538414308373,0.8326527550522598,244,True,True
2018,Bino,0,19,0.0019801980198019802,0.03523035230352303,4.153102289719853,3.405530957725648,4.666544159840045,19,False,True
2018,Generic WIMP,32,73,0.12871287128712872,0.13279132791327913,0.04500460266551457,-0.4470749826729147,0.6298130618457323,105,True,False
2018,Gravitino,0,31,0.0019801980198019802,0.056910569105691054,4.844979994357521,4.300107503742944,5.253558087385269,31,True,True
2018,Higgsino,0,52,0.0019801980198019802,0.0948509485094851,5.581945588523728,5.186363146265994,5.912608539934164,52,True,True
2018,LSP,1,36,0.005940594059405941,0.06594399277326106,3.472562129016466,2.0155422358639767,5.359228715392318,37,True,True
2018,MACHO,10,0,0.041584158415841586,0.0009033423667570009,-5.524617351921155,-6.231885012050879,-4.548685696829488,10,False,True
2018,Mirror DM,2,6,0.009900990099009901,0.011743450767841012,0.24621169411133464,-1.6658335440032934,3.0002041687698378,8,False,False
2018,Neutralino,1,78,0.005940594059405941,0.14182475158084915,4.577358319028075,3.1521961289158416,6.35455497122243,79,True,True
2018,PBH,82,21,0.32673267326732675,0.03884372177055104,-3.0723573886861133,-3.7995079334370354,-2.47806688270824,103,True,True
2018,SFDM,8,1,0.033663366336633666,0.0027100271002710027,-3.6348002696715787,-5.792525283468919,-1.8367283402557686,9,False,True
2018,Sterile nu,16,39,0.06534653465346535,0.07136404697380307,0.1270866996762541,-0.6679089870565194,1.050031666316635,55,True,False
2018,ULA / Fuzzy,34,7,0.13663366336633664,0.013550135501355014,-3.3339337903120456,-4.780737318357336,-2.3523679987176087,41,True,True
2019,Axion + ALP,56,179,0.20287253141831238,0.3743482794577685,0.8838075837297646,0.5367689426391602,1.2681683685481127,235,True,True
2019,Bino,0,17,0.0017953321364452424,0.0364963503649635,4.345429529266867,3.6007777280857063,4.860771715832059,17,False,True
2019,Generic WIMP,48,64,0.1741472172351885,0.13451511991657977,-0.3725390744419726,-0.8697969689381483,0.12768575272022534,112,True,False
2019,Gravitino,2,19,0.008976660682226212,0.040667361835245046,2.1796206362967867,0.7706569873936895,4.766195523120104,21,True,True
2019,Higgsino,0,32,0.0017953321364452424,0.06777893639207508,5.238514325350355,4.729925864778952,5.628331368857435,32,True,True
2019,LSP,1,28,0.005385996409335727,0.05943691345151199,3.4640740257654863,2.007625536345092,5.363751089944144,29,True,True
2019,MACHO,2,0,0.008976660682226212,0.0010427528675703858,-3.1057815825654616,-4.242969282112959,-0.7532451357668801,2,False,True
2019,Mirror DM,3,0,0.012567324955116697,0.0010427528675703858,-3.591208409735703,-4.632755540664483,-0.7854944287713537,3,False,True
2019,Neutralino,3,68,0.012567324955116697,0.14285714285714285,3.5068236732248232,2.428696205442697,6.296367761231821,71,True,True
2019,PBH,105,7,0.37881508078994613,0.01564129301355579,-4.598062080776765,-6.117352567818037,-3.7613532316900624,112,True,True
2019,SFDM,4,0,0.01615798922800718,0.0010427528675703858,-3.953778489120411,-4.915467516611023,-2.3289632204136566,4,False,True
2019,Sterile nu,20,46,0.07360861759425494,0.09697601668404589,0.3977533188118487,-0.3024049046733291,1.170590867027821,66,True,False
2019,ULA / Fuzzy,28,13,0.10233393177737882,0.028154327424400417,-1.8618559996793722,-2.95051656325906,-1.0306758297209138,41,True,True
2020,Axion + ALP,90,213,0.2859399684044234,0.4101825168107589,0.5205537086662093,0.24371587882245727,0.8144471029085524,303,True,True
2020,Bino,0,12,0.001579778830963665,0.024015369836695485,3.926163525903649,2.97177750086534,4.55674938522311,12,False,True
2020,Generic WIMP,32,62,0.10268562401263823,0.12007684918347743,0.2257238077625568,-0.31978606085989947,0.8435566896648558,94,True,False
2020,Gravitino,1,24,0.004739336492890996,0.04707012487992315,3.3120546795229764,1.8334930987298028,5.26416942031312,25,True,True
2020,Higgsino,0,34,0.001579778830963665,0.06628242074927954,5.390831792907093,4.877374252962573,5.7969358320999,34,True,True
2020,LSP,0,24,0.001579778830963665,0.04707012487992315,4.8970171802441325,4.252797401445357,5.381656332337577,24,True,True
2020,MACHO,9,0,0.030015797788309637,0.0009606147934678194,-4.965620177314661,-5.67536005564136,-3.863880196361517,9,False,True
2020,Mirror DM,4,4,0.014218009478672985,0.008645533141210375,-0.7176926638710754,-3.0516947997532653,1.4641438308356696,8,False,False
2020,Neutralino,0,41,0.001579778830963665,0.07973102785782901,5.657346767475849,5.2265788453602635,6.033150702289905,41,True,True
2020,PBH,122,16,0.38704581358609796,0.03170028818443804,-3.609936483515193,-4.4701253508051675,-2.9693550206582073,138,True,True
2020,SFDM,2,0,0.007898894154818325,0.0009606147934678194,-3.039620758758438,-4.195496682897671,-0.6840142741638947,2,False,True
2020,Sterile nu,18,75,0.05845181674565561,0.14505283381364073,1.3112587098250532,0.6760129387741595,2.0998241014117505,93,True,True
2020,ULA / Fuzzy,32,9,0.10268562401263823,0.01825168107588857,-2.4921329634559446,-3.77844813760293,-1.619606224970606,41,True,True
2021,Axion + ALP,105,284,0.27367055771725035,0.4313874147081122,0.6565438542628862,0.40604457282962647,0.901618460397326,389,True,True
2021,Bino,0,24,0.0012970168612191958,0.037149355572403335,4.840068044778698,4.211311084039953,5.307724088194418,24,True,True
2021,Generic WIMP,33,45,0.08690012970168612,0.06899166034874905,-0.3329363495955865,-0.938142602994567,0.30129718664676747,78,True,False
2021,Gravitino,0,26,0.0012970168612191958,0.0401819560272934,4.953278655226689,4.333094605829117,5.396594102438495,26,True,True
2021,Higgsino,1,49,0.0038910505836575876,0.07505686125852919,4.269752320021943,2.8566561714695435,6.094959219329414,50,True,True
2021,LSP,2,24,0.00648508430609598,0.037149355572403335,2.518139949891335,1.1759296395182943,5.051281430586931,26,True,True
2021,MACHO,4,0,0.011673151750972763,0.000758150113722517,-3.944566800778823,-4.917746537664411,-2.321128888590146,4,False,True
2021,Mirror DM,3,5,0.009079118028534372,0.008339651250947688,-0.12256510275681727,-2.1052742783811924,2.718699790025178,8,False,False
2021,Neutralino,0,65,0.0012970168612191958,0.09931766489764973,6.25878120220094,5.91446918296026,6.5344956387124045,65,True,True
2021,PBH,161,46,0.41893644617380027,0.07050796057619409,-2.570873342922404,-3.0437288192379324,-2.1698561605667175,207,True,True
2021,SFDM,10,0,0.027237354085603113,0.000758150113722517,-5.1669592221152705,-5.83433667518803,-4.1583000817981155,10,False,True
2021,Sterile nu,18,64,0.04798962386511025,0.0978013646702047,1.0271320904577939,0.35473696910806696,1.8255171423996184,82,True,True
2021,ULA / Fuzzy,42,21,0.11024643320363164,0.032600454890068235,-1.7577679807721143,-2.5264807620181653,-1.1021748696635763,63,True,True
2022,Axion + ALP,82,290,0.23672883787661406,0.45073700543056633,0.9290504366654853,0.6585809711799038,1.2214536413213946,372,True,True
2022,Bino,0,16,0.0014347202295552368,0.02560124127230411,4.1573724168652255,3.3463945445980756,4.694296875068804,16,False,True
2022,Generic WIMP,28,74,0.08177905308464849,0.11559348332040341,0.49925680380419213,-0.04580870177099527,1.1345183583959497,102,True,False
2022,Gravitino,2,21,0.007173601147776184,0.03335919317300233,2.217314957321508,0.9205989779984999,4.782231068324907,23,True,True
2022,Higgsino,0,35,0.0014347202295552368,0.05508145849495733,5.262725417011454,4.784950119583599,5.6534181974970785,35,True,True
2022,LSP,0,24,0.0014347202295552368,0.03801396431342126,4.7276881416219805,4.0801099437664,5.193701094113005,24,True,True
2022,MACHO,3,0,0.010043041606886656,0.0007757951900698216,-3.694376624550832,-4.782373061975675,-0.8823929424359875,3,False,True
2022,Mirror DM,4,4,0.01291248206599713,0.0069821567106283944,-0.8870217024932278,-3.2177883133851144,1.2327196709560797,8,False,False
2022,Neutralino,1,43,0.00430416068866571,0.06749418153607448,3.9709592926343444,2.5303897924866994,5.827469165842792,44,True,True
2022,PBH,150,40,0.43185078909612623,0.06283941039565555,-2.780791376368305,-3.2569936475620667,-2.3622561953230155,190,True,True
2022,SFDM,9,3,0.027259684361549498,0.005430566330488751,-2.327594293879209,-5.1464257847558015,-0.6672117794159539,12,False,True
2022,Sterile nu,16,76,0.047345767575322814,0.1186966640806827,1.3259720208409704,0.6717458304232882,2.1566538354733304,92,True,True
2022,ULA / Fuzzy,47,12,0.13629842180774748,0.019394879751745538,-2.813021121049451,-3.889173692528414,-2.0616203814026477,59,True,True
2023,Axion + ALP,90,388,0.2496551724137931,0.502262443438914,1.008504604777766,0.7550375458557544,1.2831460477443204,478,True,True
2023,Bino,0,16,0.001379310344827586,0.021331609566903685,3.9509738228117146,3.042353738739971,4.5205561869821915,16,False,True
2023,Generic WIMP,33,73,0.09241379310344827,0.09502262443438914,0.040162857831853194,-0.502514837842592,0.6347702071337832,106,True,False
2023,Gravitino,0,24,0.001379310344827586,0.03167420814479638,4.521289547568469,3.89379748600109,5.0142517383879985,24,True,True
2023,Higgsino,1,31,0.004137931034482759,0.04072398190045249,3.2988971262320215,1.8146055668428274,5.209731627726481,32,True,True
2023,LSP,0,19,0.001379310344827586,0.025210084033613446,4.1919819223155095,3.4520841559302853,4.69797423175205,19,False,True
2023,MACHO,3,2,0.009655172413793104,0.003232062055591467,-1.5788471237169808,-4.545643793401373,1.1847302286957573,5,False,False
2023,Mirror DM,4,0,0.012413793103448275,0.0006464124111182935,-4.263345297989051,-5.222418542025203,-2.6442255774074797,4,False,True
2023,Neutralino,0,42,0.001379310344827586,0.054945054945054944,5.315970639590963,4.8648988559073265,5.661060022549612,42,True,True
2023,PBH,163,73,0.4510344827586207,0.09502262443438914,-2.246894777208457,-2.60735509896801,-1.9087555206387639,236,True,True
2023,SFDM,10,4,0.028965517241379312,0.005817711700064641,-2.315812717883187,-4.226614738234813,-0.7207155496061763,14,False,True
2023,Sterile nu,12,69,0.034482758620689655,0.08985132514544279,1.3816645864020438,0.6202592187012996,2.401400495088559,81,True,True
2023,ULA / Fuzzy,40,26,0.11172413793103449,0.03425985778926956,-1.7053498448681643,-2.3991406779637665,-1.0840176583763435,66,True,True
2024,Axion + ALP,142,487,0.2813425468904245,0.521111704970604,0.8892649151452233,0.6957903345621743,1.1042970631100903,629,True,True
2024,Bino,0,27,0.0009871668311944718,0.02939604489577766,4.896184329085014,4.2866190352758125,5.3234450922313705,27,True,True
2024,Generic WIMP,26,75,0.05231984205330701,0.08070550507749866,0.6253089003222337,0.029894237443995494,1.324577296116181,101,True,True
2024,Gravitino,2,12,0.004935834155972359,0.013361838588989846,1.4367527104477167,-0.05864119336166908,4.081233346075899,14,False,False
2024,Higgsino,0,41,0.0009871668311944718,0.04436130411544629,5.489864046907279,5.055811294598176,5.865038469386656,41,True,True
2024,LSP,1,34,0.0029615004935834156,0.03687867450561197,3.638386571617367,2.1247392476031517,5.529855781765393,35,True,True
2024,MACHO,3,1,0.006910167818361303,0.0016034206306787815,-2.107567805776094,-4.5946217876581334,0.6837395658029582,4,False,False
2024,Mirror DM,3,2,0.006910167818361303,0.002672367717797969,-1.3706022116098877,-4.084795169280083,1.442782748903409,5,False,False
2024,Neutralino,0,51,0.0009871668311944718,0.055050774986638164,5.801325142743573,5.402873573721897,6.12987743246997,51,True,True
2024,PBH,241,101,0.4768015794669299,0.10849812934259755,-2.135718846090243,-2.4650700998444597,-1.848373855590351,342,True,True
2024,SFDM,14,2,0.028627838104639685,0.002672367717797969,-3.421228284679856,-6.019690802395874,-1.9739699169943172,16,False,True
2024,Sterile nu,19,75,0.0384995064165844,0.08070550507749866,1.0678271360231848,0.434687466640701,1.8499440952242525,94,True,True
2024,ULA / Fuzzy,49,21,0.09772951628825272,0.022982362373062535,-2.0882672498171577,-2.8763261086475067,-1.4561242511397572,70,True,True
2025,Axion + ALP,156,559,0.29008341056533826,0.55096011816839,0.9254800992356397,0.7339125963743819,1.134245659125676,715,True,True
2025,Bino,0,23,0.0009267840593141798,0.023141309699655343,4.642093476869501,3.9855173641207102,5.112996961526699,23,True,True
2025,Generic WIMP,28,84,0.05282669138090825,0.08321024126046282,0.6554940473093065,0.12653688354799605,1.3061167938637648,112,True,True
2025,Gravitino,0,23,0.0009267840593141798,0.023141309699655343,4.642093476869501,3.9754145202202973,5.13617590181526,23,True,True
2025,Higgsino,1,40,0.0027803521779425394,0.03988183161004431,3.8423921273553323,2.350038251291886,5.737712466872527,41,True,True
2025,LSP,0,17,0.0009267840593141798,0.017232890201871,4.21678764213683,3.482936150853514,4.788573423118955,17,False,True
2025,MACHO,4,3,0.008341056533827619,0.0034465780403741997,-1.2750654541928446,-4.073590937642324,0.9854635024031615,7,False,False
2025,Mirror DM,3,4,0.006487488415199258,0.004431314623338257,-0.5499252954234275,-3.0120322443336707,2.205155448077793,7,False,False
2025,Neutralino,2,38,0.004633920296570899,0.0379123584441162,3.0323630709994034,1.7446332857546116,5.515373422256637,40,True,True
2025,PBH,251,109,0.46617238183503246,0.10782865583456426,-2.1121229050124897,-2.409160483731335,-1.8436510462138558,360,True,True
2025,SFDM,7,1,0.013901760889712697,0.0014771048744460858,-3.234423469695498,-5.454578116961932,-1.373350578694401,8,False,True
2025,Sterile nu,15,82,0.028730305838739572,0.08124076809453472,1.499630529050805,0.7951393966600537,2.382413814184736,97,True,True
2025,ULA / Fuzzy,66,26,0.12326227988878591,0.026095519448547513,-2.2398573557461265,-2.8929464897311647,-1.644727065667148,92,True,True
