year,observed_js,permutation_js_mean,permutation_js_low,permutation_js_high,observed_minus_null_mean,observed_above_null_95
1995,0.5227582408067002,0.08149021521751333,0.035375969192695575,0.14832687058038235,0.4412680255891869,True
1996,0.3836836041928857,0.052184084734852615,0.01449527918142275,0.10532549364550471,0.33149951945803313,True
1997,0.5209671525116282,0.04968827487252501,0.01853157339705765,0.09716415061139848,0.47127887763910314,True
1998,0.35525495666804796,0.030776690674970512,0.009077824410980479,0.06915360996595264,0.32447826599307744,True
1999,0.3171239769926606,0.029291378096085806,0.010473813847747095,0.061434905119132674,0.2878325988965748,True
2000,0.31705291018498327,0.03344833456921865,0.011172974674453783,0.06804167740887274,0.28360457561576463,True
2001,0.20003497153145838,0.025000439370973744,0.008229851365720818,0.05283682718484533,0.17503453216048465,True
2002,0.19969987028903713,0.045277981358143725,0.018273302018439873,0.08675466631243349,0.1544218889308934,True
2003,0.2039232130276356,0.033305252307090936,0.013884362924211097,0.06467495003405815,0.17061796072054466,True
2004,0.23579809805238916,0.01992439570134077,0.006656747951997201,0.04172370943233587,0.21587370235104839,True
2005,0.2311055028696183,0.017411380615171175,0.005478945210788325,0.03886947966255841,0.21369412225444714,True
2006,0.28714802380965987,0.023613857043484253,0.008597614010937858,0.044990565758744536,0.26353416676617564,True
2007,0.3162337463310335,0.018057402063725855,0.0059150726490224785,0.03567418477636077,0.29817634426730766,True
2008,0.33464883656639466,0.018585294666684772,0.007186425861471532,0.03479460754865326,0.31606354189970987,True
2009,0.3043845305882674,0.01679569819724555,0.00668320978309596,0.031795029936740736,0.28758883239102184,True
2010,0.2230484997657974,0.018164533392833093,0.006956737543093115,0.034537855723168476,0.20488396637296433,True
2011,0.3789571616884465,0.018846025375394038,0.007030415780861332,0.03582020674683081,0.36011113631305247,True
2012,0.41969800113581257,0.016594836828729982,0.005817652809983533,0.03293986533808516,0.4031031643070826,True
2013,0.35518942810893417,0.016212918174241742,0.005890052566484584,0.029982822913084222,0.3389765099346924,True
2014,0.4194612593526021,0.01690973177718687,0.006244998122573595,0.034318842305298816,0.40255152757541524,True
2015,0.33684437157043656,0.016228942472135563,0.006398251222316517,0.0311980993303472,0.320615429098301,True
2016,0.30296526408536595,0.016563411122271915,0.006829173449967774,0.030364448393543256,0.28640185296309406,True
2017,0.3342243189472516,0.012893859985119278,0.004678063511359615,0.025861084721379112,0.3213304589621323,True
2018,0.3555427781911825,0.012866987454718802,0.004310260102678851,0.025582796338852954,0.3426757907364637,True
2019,0.34068524563711544,0.012936036084125264,0.005008542261654716,0.02481582237416137,0.3277492095529902,True
2020,0.3213898455443943,0.011493124516855266,0.004362801219021346,0.021266910456734747,0.30989672102753907,True
2021,0.2845869313377025,0.008914632674838132,0.0031828834430159625,0.018051672499254157,0.2756722986628644,True
2022,0.29295638311380623,0.009818478113435223,0.003317225195626161,0.020380348864838287,0.283137905000371,True
2023,0.2429304817278924,0.008827837486254474,0.0032215101123850313,0.0173957539203339,0.2341026442416379,True
2024,0.23528938324771692,0.006570490886564622,0.0023292853935135078,0.012992014419484384,0.2287188923611523,True
2025,0.21892470384021456,0.0061995047830573176,0.0023931995804296106,0.012249274589513304,0.21272519905715725,True
