year,document_scope,js_divergence
1995,all eligible document types,0.5227582408067002
1996,all eligible document types,0.3836836041928857
1997,all eligible document types,0.5209671525116282
1998,all eligible document types,0.35525495666804796
1999,all eligible document types,0.3171239769926606
2000,all eligible document types,0.31705291018498327
2001,all eligible document types,0.20003497153145838
2002,all eligible document types,0.19969987028903713
2003,all eligible document types,0.2039232130276356
2004,all eligible document types,0.23579809805238916
2005,all eligible document types,0.2311055028696183
2006,all eligible document types,0.28714802380965987
2007,all eligible document types,0.3162337463310335
2008,all eligible document types,0.33464883656639466
2009,all eligible document types,0.3043845305882674
2010,all eligible document types,0.2230484997657974
2011,all eligible document types,0.3789571616884465
2012,all eligible document types,0.41969800113581257
2013,all eligible document types,0.35518942810893417
2014,all eligible document types,0.4194612593526021
2015,all eligible document types,0.33684437157043656
2016,all eligible document types,0.30296526408536595
2017,all eligible document types,0.3342243189472516
2018,all eligible document types,0.3555427781911825
2019,all eligible document types,0.34068524563711544
2020,all eligible document types,0.3213898455443943
2021,all eligible document types,0.2845869313377025
2022,all eligible document types,0.29295638311380623
2023,all eligible document types,0.2429304817278924
2024,all eligible document types,0.23528938324771692
2025,all eligible document types,0.21892470384021456
1995,articles and eprints only,0.5244787792893694
1996,articles and eprints only,0.42189225514885575
1997,articles and eprints only,0.5773829672901576
1998,articles and eprints only,0.42960684935321086
1999,articles and eprints only,0.3130737385634863
2000,articles and eprints only,0.3540036506189748
2001,articles and eprints only,0.21078020172722428
2002,articles and eprints only,0.22595685893608342
2003,articles and eprints only,0.24773266224883717
2004,articles and eprints only,0.2308656601977425
2005,articles and eprints only,0.24289944209041453
2006,articles and eprints only,0.3044585026503217
2007,articles and eprints only,0.3476104069811373
2008,articles and eprints only,0.33680175793226635
2009,articles and eprints only,0.30007516437168225
2010,articles and eprints only,0.22164255037868558
2011,articles and eprints only,0.37929277742396783
2012,articles and eprints only,0.4261391533510339
2013,articles and eprints only,0.3507029388213031
2014,articles and eprints only,0.41743611141610737
2015,articles and eprints only,0.36002594622708983
2016,articles and eprints only,0.3030806926404064
2017,articles and eprints only,0.3362083833973367
2018,articles and eprints only,0.3552351321561801
2019,articles and eprints only,0.3388202502337331
2020,articles and eprints only,0.32522134541228787
2021,articles and eprints only,0.2820000010894309
2022,articles and eprints only,0.3015743138135265
2023,articles and eprints only,0.2434273752506782
2024,articles and eprints only,0.234529017962341
2025,articles and eprints only,0.21892470384021456
