year,target_astro_papers,target_hep_papers,rarefied_js_mean,rarefied_js_low,rarefied_js_high
1995,37,55,0.5227582408067003,0.5227582408067002,0.5227582408067002
1996,37,55,0.40240835837412087,0.33118910288593745,0.4940823586403212
1997,37,55,0.5420064498315401,0.4445065352448694,0.6540661023371822
1998,37,55,0.38871033445480063,0.264872957593232,0.5253610185820378
1999,37,55,0.36056902435552535,0.23347807423723194,0.5133891311694765
2000,37,55,0.3448675053599619,0.24490375889407376,0.45971699333891924
2001,37,55,0.24659302366936628,0.14524630827082038,0.3661972577798825
2002,37,55,0.2346540178304524,0.14011989377634704,0.33914163158457333
2003,37,55,0.25067238934628044,0.14694791421437076,0.379018474350325
2004,37,55,0.27543380345107615,0.1758993045047164,0.3998232506783616
2005,37,55,0.2733828496059589,0.16579785452317175,0.40352784214861653
2006,37,55,0.31916778041752253,0.21435345105814804,0.44126800428462326
2007,37,55,0.3535261372016726,0.22729063693442325,0.49748814904857896
2008,37,55,0.36762323449179546,0.24557499327724888,0.5149355118161324
2009,37,55,0.3554811237653223,0.22094217591715476,0.5063681655792728
2010,37,55,0.2783999257653671,0.14735009562915058,0.41253966352564836
2011,37,55,0.4140068926328914,0.27203199963685404,0.5728996092622916
2012,37,55,0.46776053590581385,0.33830679627430366,0.6168757997049047
2013,37,55,0.403932077143674,0.26785867647952255,0.5430376147571024
2014,37,55,0.45458055044024404,0.3345771025392068,0.5750442560226483
2015,37,55,0.3785266630073089,0.25974639470160765,0.5071074805554024
2016,37,55,0.3466922519717094,0.22924189823279867,0.4715056427623746
2017,37,55,0.37289820601846824,0.2554289672600628,0.489211281674339
2018,37,55,0.3983809320227539,0.27839810076387433,0.520183406797062
2019,37,55,0.38607636907512144,0.2525682648609476,0.5291459422399016
2020,37,55,0.3661346120803856,0.24333373183691284,0.5004251027160478
2021,37,55,0.32646373963867054,0.20779072473541152,0.46497406656449597
2022,37,55,0.3432569251833904,0.21949110243724335,0.508961779469144
2023,37,55,0.28262449057292843,0.1642012313904644,0.41465108600583206
2024,37,55,0.28172933751331536,0.15654411513139016,0.4198123301316082
2025,37,55,0.26505281308073325,0.14787202099171373,0.402288159972993
