year,js_divergence,total_variation,cosine_distance,n_astro_papers,n_hep_papers,js_low,js_high
1995,0.5227582408067002,0.6872635561160151,0.7763834968364385,37,55,0.39968896350965794,0.72800701996061
1996,0.3836836041928857,0.5674342105263157,0.6602369951131155,54,60,0.30250982313419666,0.5764521845105803
1997,0.5209671525116282,0.6396761133603238,0.7254151395996141,59,73,0.43398644805665465,0.678021408709724
1998,0.35525495666804796,0.5519978106185003,0.6253551263781776,81,100,0.27066132509352836,0.5194841489238274
1999,0.3171239769926606,0.5243055555555555,0.5370619033135722,91,131,0.24022647730773378,0.4483965705925042
2000,0.31705291018498327,0.5299571484222827,0.5314492797444123,70,118,0.24171867094113322,0.454352620651194
2001,0.20003497153145838,0.40801886792452835,0.25089992395877825,91,154,0.1478307310804472,0.30893169511665497
2002,0.19969987028903713,0.40789473684210525,0.21139380590698886,64,121,0.1445573176847879,0.33587618841053146
2003,0.2039232130276356,0.4285714285714285,0.28468111978010624,100,104,0.1476007471072763,0.3301010596367429
2004,0.23579809805238916,0.42814934192855225,0.2267357914522069,122,141,0.18826146961448606,0.32844896242794125
2005,0.2311055028696183,0.43445692883895126,0.2805424385760118,131,184,0.17933191964227185,0.3241613816024055
2006,0.28714802380965987,0.5180489067149696,0.3532040687720297,101,178,0.22407409380254723,0.3915912129852656
2007,0.3162337463310335,0.5651629072681704,0.49437405702511494,120,261,0.25508296921201584,0.4096614806581776
2008,0.33464883656639466,0.5772727272727273,0.4696806165919353,144,257,0.27826989684570097,0.42042996555349255
2009,0.3043845305882674,0.5467926689576174,0.4235934325596953,167,282,0.2515683167234795,0.3885473271769766
2010,0.2230484997657974,0.4641871408533551,0.3148802771065642,141,314,0.16745324512682233,0.32217788333645697
2011,0.3789571616884465,0.6098518650722827,0.48036543900805706,136,316,0.31298747066741534,0.47613152918402407
2012,0.41969800113581257,0.6170924761987084,0.556915609018337,150,380,0.3615880196904345,0.5082145856932327
2013,0.35518942810893417,0.5790423572744016,0.43837497243087664,139,389,0.30276679759540154,0.44700594995154724
2014,0.4194612593526021,0.5983272133822929,0.44534926383297857,139,377,0.3701351096182358,0.49178365739386354
2015,0.33684437157043656,0.5331571529245948,0.3458125640304386,146,389,0.2936338364585724,0.40761144555957757
2016,0.30296526408536595,0.4788246449829203,0.321337619240445,162,392,0.2579519427625748,0.36641839651860575
2017,0.3342243189472516,0.4400817764561381,0.2875061845088239,210,394,0.2941674391829974,0.39467061369889755
2018,0.3555427781911825,0.4916989937723874,0.3831054699290144,204,448,0.3139316400737812,0.4148559868273193
2019,0.34068524563711544,0.5209395597562492,0.4580608281192001,254,388,0.295887419386957,0.40787429096057815
2020,0.3213898455443943,0.48874105685954566,0.3622594290826997,288,449,0.28172978853185926,0.37773751900014074
2021,0.2845869313377025,0.4883731266692796,0.3488679715389761,335,538,0.24835857251546922,0.3358751918345492
2022,0.29295638311380623,0.5303305285156464,0.4128680834677071,297,544,0.25460973265215553,0.3483295867079948
2023,0.2429304817278924,0.4810805267861067,0.3612585874441717,327,651,0.20776992731552713,0.29092263008408825
2024,0.23528938324771692,0.48329386437029065,0.3353127951477135,450,789,0.20610553102640133,0.27797916942486367
2025,0.21892470384021456,0.47928865352540084,0.32751145652870317,487,878,0.19120589100604876,0.2589672366404852
