doctype,included_document_type,n_corpus_papers,n_candidate_papers
article,True,134462,15536
eprint,True,31604,4401
inproceedings,True,20249,2158
inbook,True,690,67
missing,True,607,61
book,True,352,24
abstract,False,8325,0
phdthesis,False,2106,0
proposal,False,1125,0
bookreview,False,612,0
erratum,False,306,0
proceedings,False,250,0
software,False,221,0
pressrelease,False,169,0
techreport,False,166,0
editorial,False,136,0
misc,False,61,0
dataset,False,60,0
mastersthesis,False,56,0
obituary,False,34,0
circular,False,19,0
talk,False,10,0
newsletter,False,7,0
