doctype,n_papers,n_classified,n_unclassified,classification_coverage
abstract,8325,63,8262,0.0075675675675675675
article,134462,104972,29490,0.7806815308414273
book,352,18,334,0.05113636363636364
bookreview,612,1,611,0.0016339869281045752
circular,19,1,18,0.05263157894736842
dataset,60,0,60,0.0
editorial,136,16,120,0.11764705882352941
eprint,31604,31600,4,0.9998734337425642
erratum,306,16,290,0.05228758169934641
inbook,690,337,353,0.48840579710144927
inproceedings,20249,6068,14181,0.29966911946268954
mastersthesis,56,1,55,0.017857142857142856
misc,61,3,58,0.04918032786885246
missing,607,0,607,0.0
newsletter,7,1,6,0.14285714285714285
obituary,34,2,32,0.058823529411764705
phdthesis,2106,271,1835,0.12867996201329535
pressrelease,169,0,169,0.0
proceedings,250,3,247,0.012
proposal,1125,0,1125,0.0
software,221,0,221,0.0
talk,10,0,10,0.0
techreport,166,17,149,0.10240963855421686
