year,n_classified,n_multiclass,n_astro,n_hep,n_astro_hep,crosslisting_rate,crosslisting_low,crosslisting_high
1972,1,1,1,0,0,0.0,0.0,0.7934506856227626
1989,1,0,1,0,0,0.0,0.0,0.7934506856227626
1990,1,0,0,1,0,0.0,0.0,0.7934506856227626
1991,3,0,0,3,0,0.0,5.551115123125783e-17,0.5614970317550454
1992,47,13,17,39,11,0.23404255319148937,0.13603274586227188,0.37224257550155593
1993,229,66,122,152,53,0.2314410480349345,0.1815186570935128,0.29022490342626783
1994,475,96,349,179,74,0.15578947368421053,0.12595141282033023,0.19115032518425712
1995,710,151,521,286,108,0.15211267605633802,0.1275733120265411,0.18039627436296957
1996,917,162,707,290,107,0.11668484187568157,0.09748654897817768,0.13908127356499922
1997,1107,175,879,298,113,0.1020776874435411,0.08559710294360957,0.12131042377465083
1998,1403,254,1090,439,170,0.12116892373485388,0.10512005472505878,0.1392866313765325
1999,1680,331,1339,522,242,0.14404761904761904,0.12806839648869386,0.16165095699626061
2000,1657,308,1316,480,209,0.12613156306578152,0.11100606811010123,0.1429865430330654
2001,2068,421,1677,623,309,0.14941972920696325,0.13470517798000145,0.16543432167778147
2002,2010,449,1618,632,317,0.15771144278606966,0.14243265277635586,0.17429608275887054
2003,2238,504,1854,664,377,0.16845397676496873,0.1535188950863823,0.18452528544159832
2004,2606,615,2088,810,436,0.16730621642363777,0.15346765049902894,0.18212417476703902
2005,2653,654,2013,903,440,0.16584998115341124,0.15218175550696156,0.18048448465815892
2006,3064,743,2351,1024,499,0.16285900783289817,0.15020852261614903,0.17635380867388156
2007,3267,777,2338,1178,501,0.15335169880624427,0.14140361373474417,0.16611403011441736
2008,3670,897,2628,1334,591,0.16103542234332424,0.14949898789925187,0.17328071615508422
2009,4265,1510,3049,1534,661,0.15498241500586166,0.14443251847929636,0.16615326260683697
2010,4221,1891,3012,1741,853,0.20208481402511252,0.1902442283116204,0.2144671615680776
2011,4427,2001,3110,1794,854,0.1929071606053761,0.1815520992028755,0.20479470980173173
2012,5054,2468,3495,2127,943,0.18658488326078354,0.17608385688184178,0.19756199070099975
2013,5028,2360,3366,2148,871,0.17322991249005568,0.16301985274970515,0.1839389044186625
2014,5110,2578,3486,2200,953,0.18649706457925636,0.1760544229431396,0.1974107058059092
2015,5685,2808,3732,2460,993,0.17467018469656992,0.16502100823019927,0.1847587269275443
2016,5806,2909,3717,2548,978,0.16844643472270066,0.1590394630989507,0.17829185182793042
2017,5931,2856,3849,2527,1027,0.17315798347664813,0.16374054555843953,0.18299853299979468
2018,6475,3081,4071,2807,1089,0.1681853281853282,0.1592722853727402,0.1774918525813072
2019,6878,3462,4494,2805,1156,0.16807211398662403,0.15942086349227058,0.17709393021202208
2020,6986,3890,4439,3093,1335,0.19109647867162896,0.18204769137788102,0.20048479874698327
2021,7340,4085,4515,3333,1380,0.1880108991825613,0.17923640251226328,0.19711178995872777
2022,7563,4265,4590,3404,1316,0.17400502446119265,0.1656269034638211,0.1827141412329835
2023,8962,5053,5511,3947,1661,0.18533809417540728,0.17742868007670398,0.19351714515297302
2024,11066,6198,7042,4701,2103,0.19004156876920297,0.18283975824068463,0.19745850298384268
2025,12786,7068,8161,5386,2420,0.1892695135304239,0.18257338377504576,0.1961523005437439
