year,n_papers,n_classified,n_unclassified,classification_coverage
1882,3,0,3,0.0
1883,1,0,1,0.0
1885,3,0,3,0.0
1886,2,0,2,0.0
1888,1,0,1,0.0
1889,1,0,1,0.0
1891,2,0,2,0.0
1892,3,0,3,0.0
1893,4,0,4,0.0
1894,3,0,3,0.0
1895,1,0,1,0.0
1896,2,0,2,0.0
1897,1,0,1,0.0
1899,2,0,2,0.0
1900,3,0,3,0.0
1901,1,0,1,0.0
1902,6,0,6,0.0
1903,3,0,3,0.0
1904,4,0,4,0.0
1905,6,0,6,0.0
1906,5,0,5,0.0
1907,2,0,2,0.0
1908,12,0,12,0.0
1909,2,0,2,0.0
1910,14,0,14,0.0
1911,3,0,3,0.0
1912,2,0,2,0.0
1913,1,0,1,0.0
1914,2,0,2,0.0
1915,1,0,1,0.0
1916,3,0,3,0.0
1917,3,0,3,0.0
1918,6,0,6,0.0
1919,5,0,5,0.0
1920,4,0,4,0.0
1921,9,0,9,0.0
1922,13,0,13,0.0
1923,3,0,3,0.0
1924,7,0,7,0.0
1925,8,0,8,0.0
1926,5,0,5,0.0
1927,12,0,12,0.0
1928,4,0,4,0.0
1929,6,0,6,0.0
1930,7,0,7,0.0
1931,6,0,6,0.0
1932,5,0,5,0.0
1933,13,0,13,0.0
1934,5,0,5,0.0
1935,10,0,10,0.0
1936,8,0,8,0.0
1937,22,0,22,0.0
1938,8,0,8,0.0
1939,7,0,7,0.0
1940,6,0,6,0.0
1941,6,0,6,0.0
1942,8,0,8,0.0
1943,3,0,3,0.0
1945,3,0,3,0.0
1946,14,0,14,0.0
1947,6,0,6,0.0
1948,6,0,6,0.0
1949,2,0,2,0.0
1950,9,0,9,0.0
1951,7,0,7,0.0
1952,5,0,5,0.0
1953,5,0,5,0.0
1954,9,0,9,0.0
1955,11,0,11,0.0
1956,5,0,5,0.0
1957,8,0,8,0.0
1958,15,0,15,0.0
1959,15,0,15,0.0
1960,7,0,7,0.0
1961,15,0,15,0.0
1962,12,0,12,0.0
1963,7,0,7,0.0
1964,9,0,9,0.0
1965,6,0,6,0.0
1966,9,0,9,0.0
1967,7,0,7,0.0
1968,8,0,8,0.0
1969,9,0,9,0.0
1970,13,0,13,0.0
1971,9,0,9,0.0
1972,16,1,15,0.0625
1973,13,0,13,0.0
1974,18,0,18,0.0
1975,8,0,8,0.0
1976,10,0,10,0.0
1977,11,0,11,0.0
1978,16,0,16,0.0
1979,24,0,24,0.0
1980,28,0,28,0.0
1981,32,0,32,0.0
1982,60,0,60,0.0
1983,109,0,109,0.0
1984,196,0,196,0.0
1985,325,0,325,0.0
1986,567,0,567,0.0
1987,933,0,933,0.0
1988,991,0,991,0.0
1989,992,1,991,0.0010080645161290322
1990,1234,1,1233,0.0008103727714748784
1991,1229,3,1226,0.0024410089503661514
1992,1195,47,1148,0.03933054393305439
1993,1592,229,1363,0.14384422110552764
1994,1503,475,1028,0.31603459747172324
1995,1816,710,1106,0.3909691629955947
1996,2102,917,1185,0.4362511893434824
1997,2102,1107,995,0.5266412940057088
1998,2325,1403,922,0.6034408602150537
1999,2703,1680,1023,0.6215316315205327
2000,2555,1657,898,0.64853228962818
2001,3184,2068,1116,0.6494974874371859
2002,3009,2010,999,0.6679960119641076
2003,3290,2238,1052,0.6802431610942249
2004,3711,2606,1105,0.7022365939099973
2005,3860,2653,1207,0.6873056994818653
2006,4109,3064,1045,0.7456802141640302
2007,4417,3267,1150,0.7396422911478379
2008,5067,3670,1397,0.7242944543122163
2009,5639,4265,1374,0.7563397765561269
2010,5884,4221,1663,0.7173691366417403
2011,5940,4427,1513,0.7452861952861953
2012,6673,5054,1619,0.7573804885358909
2013,6726,5028,1698,0.7475468331846565
2014,6649,5110,1539,0.7685366220484283
2015,7574,5685,1889,0.7505941378399789
2016,7698,5806,1892,0.7542218758118991
2017,7704,5931,1773,0.7698598130841121
2018,8135,6475,1660,0.7959434542102028
2019,8887,6878,2009,0.7739394621357039
2020,8790,6986,1804,0.7947667804323094
2021,9418,7340,2078,0.7793586748778933
2022,9574,7563,2011,0.7899519532066012
2023,11113,8962,2151,0.8064429047062
2024,14358,11066,3292,0.7707201560105864
2025,14984,12786,2198,0.853310197544047
