year,arxiv_class,arxiv_category,n_papers,n_classified,share
1972,astro-ph.GA,astrophysics,1,1,1.0
1989,astro-ph,astrophysics,1,1,1.0
1990,hep-th,high-energy physics,1,1,1.0
1991,hep-th,high-energy physics,3,3,1.0
1992,astro-ph,astrophysics,11,47,0.23404255319148937
1992,astro-ph.GA,astrophysics,1,47,0.02127659574468085
1992,cond-mat,condensed matter,1,47,0.02127659574468085
1992,gr-qc,general relativity and quantum cosmology,2,47,0.0425531914893617
1992,hep-ph,high-energy physics,25,47,0.5319148936170213
1992,hep-th,high-energy physics,7,47,0.14893617021276595
1993,astro-ph,astrophysics,97,229,0.42358078602620086
1993,cond-mat,condensed matter,1,229,0.004366812227074236
1993,cs.AI,computer science,1,229,0.004366812227074236
1993,gr-qc,general relativity and quantum cosmology,9,229,0.039301310043668124
1993,hep-ph,high-energy physics,116,229,0.5065502183406113
1993,hep-th,high-energy physics,5,229,0.021834061135371178
1994,astro-ph,astrophysics,318,475,0.6694736842105263
1994,cond-mat,condensed matter,1,475,0.002105263157894737
1994,gr-qc,general relativity and quantum cosmology,20,475,0.042105263157894736
1994,hep-ph,high-energy physics,124,475,0.26105263157894737
1994,hep-th,high-energy physics,7,475,0.014736842105263158
1994,math.CO,mathematics,1,475,0.002105263157894737
1994,nucl-th,nuclear physics,4,475,0.008421052631578947
1995,astro-ph,astrophysics,472,710,0.6647887323943662
1995,cond-mat,condensed matter,2,710,0.0028169014084507044
1995,gr-qc,general relativity and quantum cosmology,20,710,0.028169014084507043
1995,hep-ex,high-energy physics,2,710,0.0028169014084507044
1995,hep-ph,high-energy physics,191,710,0.26901408450704223
1995,hep-th,high-energy physics,19,710,0.02676056338028169
1995,nucl-th,nuclear physics,4,710,0.005633802816901409
1996,astro-ph,astrophysics,659,917,0.7186477644492911
1996,cond-mat,condensed matter,1,917,0.0010905125408942203
1996,gr-qc,general relativity and quantum cosmology,33,917,0.03598691384950927
1996,hep-ex,high-energy physics,5,917,0.0054525627044711015
1996,hep-lat,high-energy physics,1,917,0.0010905125408942203
1996,hep-ph,high-energy physics,196,917,0.21374045801526717
1996,hep-th,high-energy physics,17,917,0.018538713195201745
1996,nlin.PS,nonlinear sciences,1,917,0.0010905125408942203
1996,nucl-th,nuclear physics,2,917,0.0021810250817884407
1996,quant-ph,quantum physics,2,917,0.0021810250817884407
1997,astro-ph,astrophysics,815,1107,0.7362240289069557
1997,cond-mat.stat-mech,condensed matter,1,1107,0.0009033423667570009
1997,gr-qc,general relativity and quantum cosmology,40,1107,0.036133694670280034
1997,hep-ex,high-energy physics,9,1107,0.008130081300813009
1997,hep-lat,high-energy physics,1,1107,0.0009033423667570009
1997,hep-ph,high-energy physics,207,1107,0.18699186991869918
1997,hep-th,high-energy physics,17,1107,0.015356820234869015
1997,math.FA,mathematics,1,1107,0.0009033423667570009
1997,nucl-ex,nuclear physics,2,1107,0.0018066847335140017
1997,physics.class-ph,physics,1,1107,0.0009033423667570009
1997,physics.gen-ph,physics,8,1107,0.007226738934056007
1997,physics.hist-ph,physics,1,1107,0.0009033423667570009
1997,physics.ins-det,physics,2,1107,0.0018066847335140017
1997,physics.pop-ph,physics,1,1107,0.0009033423667570009
1997,quant-ph,quantum physics,1,1107,0.0009033423667570009
1998,astro-ph,astrophysics,993,1403,0.7077690662865289
1998,cond-mat,condensed matter,1,1403,0.0007127583749109052
1998,cond-mat.other,condensed matter,1,1403,0.0007127583749109052
1998,gr-qc,general relativity and quantum cosmology,53,1403,0.037776193870277974
1998,hep-ex,high-energy physics,14,1403,0.009978617248752673
1998,hep-lat,high-energy physics,1,1403,0.0007127583749109052
1998,hep-ph,high-energy physics,315,1403,0.22451888809693513
1998,hep-th,high-energy physics,12,1403,0.008553100498930863
1998,nucl-ex,nuclear physics,1,1403,0.0007127583749109052
1998,nucl-th,nuclear physics,3,1403,0.0021382751247327157
1998,physics.gen-ph,physics,6,1403,0.0042765502494654314
1998,physics.hist-ph,physics,1,1403,0.0007127583749109052
1998,quant-ph,quantum physics,2,1403,0.0014255167498218105
1999,astro-ph,astrophysics,1205,1680,0.7172619047619048
1999,cond-mat,condensed matter,1,1680,0.0005952380952380953
1999,cond-mat.stat-mech,condensed matter,2,1680,0.0011904761904761906
1999,gr-qc,general relativity and quantum cosmology,63,1680,0.0375
1999,hep-ex,high-energy physics,30,1680,0.017857142857142856
1999,hep-ph,high-energy physics,328,1680,0.19523809523809524
1999,hep-th,high-energy physics,24,1680,0.014285714285714285
1999,math-ph,mathematics,1,1680,0.0005952380952380953
1999,nlin.CD,nonlinear sciences,1,1680,0.0005952380952380953
1999,nucl-ex,nuclear physics,1,1680,0.0005952380952380953
1999,nucl-th,nuclear physics,5,1680,0.002976190476190476
1999,physics.acc-ph,physics,1,1680,0.0005952380952380953
1999,physics.bio-ph,physics,1,1680,0.0005952380952380953
1999,physics.class-ph,physics,1,1680,0.0005952380952380953
1999,physics.gen-ph,physics,9,1680,0.005357142857142857
1999,physics.ins-det,physics,2,1680,0.0011904761904761906
1999,physics.plasm-ph,physics,1,1680,0.0005952380952380953
1999,quant-ph,quantum physics,4,1680,0.002380952380952381
2000,astro-ph,astrophysics,1199,1657,0.7235968617984309
2000,cond-mat,condensed matter,2,1657,0.0012070006035003018
2000,cond-mat.stat-mech,condensed matter,2,1657,0.0012070006035003018
2000,gr-qc,general relativity and quantum cosmology,74,1657,0.04465902232951117
2000,hep-ex,high-energy physics,31,1657,0.018708509354254676
2000,hep-ph,high-energy physics,305,1657,0.18406759203379602
2000,hep-th,high-energy physics,14,1657,0.008449004224502113
2000,math-ph,mathematics,1,1657,0.0006035003017501509
2000,math.NA,mathematics,1,1657,0.0006035003017501509
2000,nlin.CD,nonlinear sciences,1,1657,0.0006035003017501509
2000,nucl-ex,nuclear physics,2,1657,0.0012070006035003018
2000,nucl-th,nuclear physics,4,1657,0.0024140012070006035
2000,physics.atom-ph,physics,1,1657,0.0006035003017501509
2000,physics.class-ph,physics,1,1657,0.0006035003017501509
2000,physics.data-an,physics,1,1657,0.0006035003017501509
2000,physics.ed-ph,physics,1,1657,0.0006035003017501509
2000,physics.gen-ph,physics,10,1657,0.006035003017501509
2000,physics.ins-det,physics,2,1657,0.0012070006035003018
2000,physics.pop-ph,physics,2,1657,0.0012070006035003018
2000,quant-ph,quantum physics,3,1657,0.0018105009052504525
2001,astro-ph,astrophysics,1506,2068,0.7282398452611218
2001,astro-ph.CO,astrophysics,1,2068,0.00048355899419729207
2001,cond-mat.soft,condensed matter,1,2068,0.00048355899419729207
2001,cond-mat.stat-mech,condensed matter,1,2068,0.00048355899419729207
2001,gr-qc,general relativity and quantum cosmology,79,2068,0.03820116054158607
2001,hep-ex,high-energy physics,36,2068,0.017408123791102514
2001,hep-ph,high-energy physics,350,2068,0.16924564796905223
2001,hep-th,high-energy physics,53,2068,0.02562862669245648
2001,nlin.CD,nonlinear sciences,1,2068,0.00048355899419729207
2001,nlin.SI,nonlinear sciences,2,2068,0.0009671179883945841
2001,nucl-ex,nuclear physics,3,2068,0.0014506769825918763
2001,nucl-th,nuclear physics,5,2068,0.0024177949709864605
2001,physics.bio-ph,physics,1,2068,0.00048355899419729207
2001,physics.ed-ph,physics,2,2068,0.0009671179883945841
2001,physics.gen-ph,physics,17,2068,0.008220502901353965
2001,physics.ins-det,physics,2,2068,0.0009671179883945841
2001,physics.plasm-ph,physics,1,2068,0.00048355899419729207
2001,physics.space-ph,physics,1,2068,0.00048355899419729207
2001,quant-ph,quantum physics,6,2068,0.0029013539651837525
2002,astro-ph,astrophysics,1438,2010,0.7154228855721393
2002,cond-mat,condensed matter,1,2010,0.0004975124378109452
2002,cond-mat.stat-mech,condensed matter,5,2010,0.0024875621890547263
2002,cs.AI,computer science,1,2010,0.0004975124378109452
2002,cs.DB,computer science,1,2010,0.0004975124378109452
2002,cs.IR,computer science,1,2010,0.0004975124378109452
2002,gr-qc,general relativity and quantum cosmology,80,2010,0.03980099502487562
2002,hep-ex,high-energy physics,35,2010,0.017412935323383085
2002,hep-lat,high-energy physics,1,2010,0.0004975124378109452
2002,hep-ph,high-energy physics,339,2010,0.16865671641791044
2002,hep-th,high-energy physics,77,2010,0.038308457711442784
2002,math-ph,mathematics,1,2010,0.0004975124378109452
2002,nucl-ex,nuclear physics,4,2010,0.001990049751243781
2002,nucl-th,nuclear physics,2,2010,0.0009950248756218905
2002,physics.class-ph,physics,1,2010,0.0004975124378109452
2002,physics.data-an,physics,3,2010,0.0014925373134328358
2002,physics.gen-ph,physics,11,2010,0.005472636815920398
2002,physics.ins-det,physics,4,2010,0.001990049751243781
2002,physics.pop-ph,physics,1,2010,0.0004975124378109452
2002,quant-ph,quantum physics,4,2010,0.001990049751243781
2003,astro-ph,astrophysics,1660,2238,0.741733690795353
2003,cond-mat,condensed matter,3,2238,0.0013404825737265416
2003,cond-mat.stat-mech,condensed matter,2,2238,0.0008936550491510277
2003,cond-mat.supr-con,condensed matter,1,2238,0.00044682752457551384
2003,gr-qc,general relativity and quantum cosmology,109,2238,0.04870420017873101
2003,hep-ex,high-energy physics,40,2238,0.017873100983020553
2003,hep-ph,high-energy physics,311,2238,0.1389633601429848
2003,hep-th,high-energy physics,70,2238,0.03127792672028597
2003,math-ph,mathematics,1,2238,0.00044682752457551384
2003,math.DG,mathematics,1,2238,0.00044682752457551384
2003,nucl-ex,nuclear physics,3,2238,0.0013404825737265416
2003,nucl-th,nuclear physics,6,2238,0.002680965147453083
2003,physics.atom-ph,physics,1,2238,0.00044682752457551384
2003,physics.class-ph,physics,1,2238,0.00044682752457551384
2003,physics.comp-ph,physics,1,2238,0.00044682752457551384
2003,physics.ed-ph,physics,2,2238,0.0008936550491510277
2003,physics.gen-ph,physics,17,2238,0.007596067917783735
2003,physics.ins-det,physics,5,2238,0.002234137622877569
2003,physics.pop-ph,physics,1,2238,0.00044682752457551384
2003,q-bio.PE,quantitative biology,1,2238,0.00044682752457551384
2003,quant-ph,quantum physics,2,2238,0.0008936550491510277
2004,astro-ph,astrophysics,1894,2606,0.7267843438219493
2004,cond-mat,condensed matter,2,2606,0.0007674597083653108
2004,cond-mat.other,condensed matter,2,2606,0.0007674597083653108
2004,cond-mat.soft,condensed matter,2,2606,0.0007674597083653108
2004,cond-mat.stat-mech,condensed matter,5,2606,0.001918649270913277
2004,cond-mat.str-el,condensed matter,1,2606,0.0003837298541826554
2004,cond-mat.supr-con,condensed matter,1,2606,0.0003837298541826554
2004,cs.NA,computer science,1,2606,0.0003837298541826554
2004,cs.SC,computer science,1,2606,0.0003837298541826554
2004,gr-qc,general relativity and quantum cosmology,124,2606,0.047582501918649274
2004,hep-ex,high-energy physics,40,2606,0.015349194167306216
2004,hep-ph,high-energy physics,354,2606,0.13584036838066002
2004,hep-th,high-energy physics,114,2606,0.043745203376822715
2004,math-ph,mathematics,7,2606,0.002686108979278588
2004,math.CV,mathematics,1,2606,0.0003837298541826554
2004,nlin.CD,nonlinear sciences,1,2606,0.0003837298541826554
2004,nucl-ex,nuclear physics,7,2606,0.002686108979278588
2004,nucl-th,nuclear physics,2,2606,0.0007674597083653108
2004,physics.atom-ph,physics,1,2606,0.0003837298541826554
2004,physics.class-ph,physics,2,2606,0.0007674597083653108
2004,physics.data-an,physics,2,2606,0.0007674597083653108
2004,physics.gen-ph,physics,25,2606,0.009593246354566385
2004,physics.hist-ph,physics,1,2606,0.0003837298541826554
2004,physics.ins-det,physics,6,2606,0.0023023791250959325
2004,physics.plasm-ph,physics,3,2606,0.0011511895625479663
2004,physics.pop-ph,physics,3,2606,0.0011511895625479663
2004,q-bio.OT,quantitative biology,1,2606,0.0003837298541826554
2004,quant-ph,quantum physics,3,2606,0.0011511895625479663
2005,astro-ph,astrophysics,1821,2653,0.6863927629099134
2005,cond-mat.other,condensed matter,4,2653,0.0015077271013946476
2005,cond-mat.soft,condensed matter,2,2653,0.0007538635506973238
2005,cond-mat.stat-mech,condensed matter,2,2653,0.0007538635506973238
2005,cond-mat.str-el,condensed matter,1,2653,0.0003769317753486619
2005,cond-mat.supr-con,condensed matter,2,2653,0.0007538635506973238
2005,gr-qc,general relativity and quantum cosmology,135,2653,0.05088578967206935
2005,hep-ex,high-energy physics,45,2653,0.016961929890689786
2005,hep-lat,high-energy physics,3,2653,0.0011307953260459858
2005,hep-ph,high-energy physics,422,2653,0.15906520919713532
2005,hep-th,high-energy physics,119,2653,0.044854881266490766
2005,math-ph,mathematics,6,2653,0.0022615906520919715
2005,math.CT,mathematics,1,2653,0.0003769317753486619
2005,math.GM,mathematics,1,2653,0.0003769317753486619
2005,nlin.CD,nonlinear sciences,1,2653,0.0003769317753486619
2005,nlin.SI,nonlinear sciences,2,2653,0.0007538635506973238
2005,nucl-ex,nuclear physics,5,2653,0.0018846588767433095
2005,nucl-th,nuclear physics,2,2653,0.0007538635506973238
2005,physics.atom-ph,physics,5,2653,0.0018846588767433095
2005,physics.ed-ph,physics,2,2653,0.0007538635506973238
2005,physics.gen-ph,physics,36,2653,0.013569543912551827
2005,physics.geo-ph,physics,1,2653,0.0003769317753486619
2005,physics.hist-ph,physics,4,2653,0.0015077271013946476
2005,physics.ins-det,physics,14,2653,0.005277044854881266
2005,physics.plasm-ph,physics,4,2653,0.0015077271013946476
2005,physics.pop-ph,physics,1,2653,0.0003769317753486619
2005,physics.soc-ph,physics,1,2653,0.0003769317753486619
2005,physics.space-ph,physics,2,2653,0.0007538635506973238
2005,q-bio.OT,quantitative biology,1,2653,0.0003769317753486619
2005,quant-ph,quantum physics,8,2653,0.003015454202789295
2006,astro-ph,astrophysics,2075,3064,0.6772193211488251
2006,cond-mat.dis-nn,condensed matter,1,3064,0.00032637075718015666
2006,cond-mat.mes-hall,condensed matter,1,3064,0.00032637075718015666
2006,cond-mat.mtrl-sci,condensed matter,2,3064,0.0006527415143603133
2006,cond-mat.other,condensed matter,1,3064,0.00032637075718015666
2006,cond-mat.soft,condensed matter,1,3064,0.00032637075718015666
2006,cond-mat.stat-mech,condensed matter,6,3064,0.0019582245430809398
2006,cond-mat.supr-con,condensed matter,2,3064,0.0006527415143603133
2006,cs.NI,computer science,1,3064,0.00032637075718015666
2006,gr-qc,general relativity and quantum cosmology,202,3064,0.06592689295039164
2006,hep-ex,high-energy physics,41,3064,0.013381201044386422
2006,hep-lat,high-energy physics,2,3064,0.0006527415143603133
2006,hep-ph,high-energy physics,499,3064,0.16285900783289817
2006,hep-th,high-energy physics,135,3064,0.04406005221932115
2006,math-ph,mathematics,1,3064,0.00032637075718015666
2006,math.GM,mathematics,3,3064,0.0009791122715404699
2006,math.ST,mathematics,1,3064,0.00032637075718015666
2006,nucl-ex,nuclear physics,11,3064,0.0035900783289817234
2006,nucl-th,nuclear physics,3,3064,0.0009791122715404699
2006,physics.acc-ph,physics,1,3064,0.00032637075718015666
2006,physics.atm-clus,physics,1,3064,0.00032637075718015666
2006,physics.class-ph,physics,4,3064,0.0013054830287206266
2006,physics.ed-ph,physics,2,3064,0.0006527415143603133
2006,physics.gen-ph,physics,37,3064,0.012075718015665796
2006,physics.geo-ph,physics,2,3064,0.0006527415143603133
2006,physics.hist-ph,physics,3,3064,0.0009791122715404699
2006,physics.ins-det,physics,16,3064,0.005221932114882507
2006,physics.pop-ph,physics,2,3064,0.0006527415143603133
2006,physics.soc-ph,physics,1,3064,0.00032637075718015666
2006,q-bio.GN,quantitative biology,1,3064,0.00032637075718015666
2006,quant-ph,quantum physics,6,3064,0.0019582245430809398
2007,astro-ph,astrophysics,2009,3267,0.6149372513008876
2007,astro-ph.CO,astrophysics,1,3267,0.00030609121518212427
2007,cond-mat.mtrl-sci,condensed matter,1,3267,0.00030609121518212427
2007,cond-mat.other,condensed matter,5,3267,0.0015304560759106215
2007,cond-mat.soft,condensed matter,1,3267,0.00030609121518212427
2007,cond-mat.stat-mech,condensed matter,7,3267,0.0021426385062748698
2007,cond-mat.supr-con,condensed matter,2,3267,0.0006121824303642485
2007,cs.DL,computer science,1,3267,0.00030609121518212427
2007,gr-qc,general relativity and quantum cosmology,239,3267,0.0731558004285277
2007,hep-ex,high-energy physics,45,3267,0.013774104683195593
2007,hep-lat,high-energy physics,7,3267,0.0021426385062748698
2007,hep-ph,high-energy physics,634,3267,0.1940618304254668
2007,hep-th,high-energy physics,165,3267,0.050505050505050504
2007,math-ph,mathematics,11,3267,0.003367003367003367
2007,math.AP,mathematics,1,3267,0.00030609121518212427
2007,math.GM,mathematics,1,3267,0.00030609121518212427
2007,math.QA,mathematics,1,3267,0.00030609121518212427
2007,math.ST,mathematics,1,3267,0.00030609121518212427
2007,nlin.CD,nonlinear sciences,1,3267,0.00030609121518212427
2007,nlin.PS,nonlinear sciences,1,3267,0.00030609121518212427
2007,nucl-ex,nuclear physics,12,3267,0.0036730945821854912
2007,nucl-th,nuclear physics,7,3267,0.0021426385062748698
2007,physics.acc-ph,physics,2,3267,0.0006121824303642485
2007,physics.atom-ph,physics,2,3267,0.0006121824303642485
2007,physics.class-ph,physics,1,3267,0.00030609121518212427
2007,physics.data-an,physics,1,3267,0.00030609121518212427
2007,physics.ed-ph,physics,3,3267,0.0009182736455463728
2007,physics.gen-ph,physics,66,3267,0.020202020202020204
2007,physics.geo-ph,physics,2,3267,0.0006121824303642485
2007,physics.hist-ph,physics,2,3267,0.0006121824303642485
2007,physics.ins-det,physics,20,3267,0.006121824303642486
2007,physics.pop-ph,physics,3,3267,0.0009182736455463728
2007,physics.soc-ph,physics,1,3267,0.00030609121518212427
2007,q-bio.GN,quantitative biology,2,3267,0.0006121824303642485
2007,q-bio.NC,quantitative biology,1,3267,0.00030609121518212427
2007,q-bio.OT,quantitative biology,1,3267,0.00030609121518212427
2007,quant-ph,quantum physics,7,3267,0.0021426385062748698
2008,astro-ph,astrophysics,2256,3670,0.6147138964577656
2008,astro-ph.CO,astrophysics,7,3670,0.0019073569482288828
2008,astro-ph.EP,astrophysics,1,3670,0.00027247956403269756
2008,astro-ph.HE,astrophysics,1,3670,0.00027247956403269756
2008,cond-mat.dis-nn,condensed matter,1,3670,0.00027247956403269756
2008,cond-mat.mtrl-sci,condensed matter,1,3670,0.00027247956403269756
2008,cond-mat.other,condensed matter,4,3670,0.0010899182561307902
2008,cond-mat.stat-mech,condensed matter,5,3670,0.0013623978201634877
2008,cond-mat.supr-con,condensed matter,1,3670,0.00027247956403269756
2008,cs.DL,computer science,1,3670,0.00027247956403269756
2008,cs.GR,computer science,1,3670,0.00027247956403269756
2008,cs.OH,computer science,1,3670,0.00027247956403269756
2008,cs.PL,computer science,1,3670,0.00027247956403269756
2008,cs.SE,computer science,1,3670,0.00027247956403269756
2008,gr-qc,general relativity and quantum cosmology,316,3670,0.08610354223433242
2008,hep-ex,high-energy physics,57,3670,0.01553133514986376
2008,hep-lat,high-energy physics,4,3670,0.0010899182561307902
2008,hep-ph,high-energy physics,680,3670,0.18528610354223432
2008,hep-th,high-energy physics,180,3670,0.04904632152588556
2008,math-ph,mathematics,6,3670,0.0016348773841961854
2008,nlin.AO,nonlinear sciences,1,3670,0.00027247956403269756
2008,nlin.CD,nonlinear sciences,1,3670,0.00027247956403269756
2008,nlin.PS,nonlinear sciences,2,3670,0.0005449591280653951
2008,nlin.SI,nonlinear sciences,1,3670,0.00027247956403269756
2008,nucl-ex,nuclear physics,17,3670,0.004632152588555858
2008,nucl-th,nuclear physics,4,3670,0.0010899182561307902
2008,physics.acc-ph,physics,1,3670,0.00027247956403269756
2008,physics.atom-ph,physics,5,3670,0.0013623978201634877
2008,physics.class-ph,physics,2,3670,0.0005449591280653951
2008,physics.gen-ph,physics,67,3670,0.018256130790190735
2008,physics.hist-ph,physics,2,3670,0.0005449591280653951
2008,physics.ins-det,physics,30,3670,0.008174386920980926
2008,physics.pop-ph,physics,2,3670,0.0005449591280653951
2008,physics.soc-ph,physics,2,3670,0.0005449591280653951
2008,physics.space-ph,physics,3,3670,0.0008174386920980927
2008,quant-ph,quantum physics,4,3670,0.0010899182561307902
2008,stat.AP,statistics,1,3670,0.00027247956403269756
2009,astro-ph,astrophysics,946,4265,0.22180539273153577
2009,astro-ph.CO,astrophysics,1179,4265,0.27643610785463074
2009,astro-ph.EP,astrophysics,9,4265,0.0021101992966002345
2009,astro-ph.GA,astrophysics,235,4265,0.05509964830011723
2009,astro-ph.HE,astrophysics,145,4265,0.03399765533411489
2009,astro-ph.IM,astrophysics,67,4265,0.01570926143024619
2009,astro-ph.SR,astrophysics,26,4265,0.0060961313012895665
2009,cond-mat.mes-hall,condensed matter,1,4265,0.00023446658851113716
2009,cond-mat.other,condensed matter,2,4265,0.0004689331770222743
2009,cond-mat.quant-gas,condensed matter,3,4265,0.0007033997655334115
2009,cond-mat.stat-mech,condensed matter,5,4265,0.0011723329425556857
2009,cond-mat.str-el,condensed matter,1,4265,0.00023446658851113716
2009,cs.NI,computer science,1,4265,0.00023446658851113716
2009,gr-qc,general relativity and quantum cosmology,319,4265,0.07479484173505276
2009,hep-ex,high-energy physics,76,4265,0.017819460726846426
2009,hep-lat,high-energy physics,12,4265,0.002813599062133646
2009,hep-ph,high-energy physics,837,4265,0.1962485345838218
2009,hep-th,high-energy physics,198,4265,0.046424384525205156
2009,math-ph,mathematics,10,4265,0.0023446658851113715
2009,math.AP,mathematics,1,4265,0.00023446658851113716
2009,math.AT,mathematics,1,4265,0.00023446658851113716
2009,math.NA,mathematics,1,4265,0.00023446658851113716
2009,math.RT,mathematics,1,4265,0.00023446658851113716
2009,math.ST,mathematics,1,4265,0.00023446658851113716
2009,nucl-ex,nuclear physics,23,4265,0.005392731535756155
2009,nucl-th,nuclear physics,4,4265,0.0009378663540445487
2009,physics.acc-ph,physics,1,4265,0.00023446658851113716
2009,physics.atm-clus,physics,1,4265,0.00023446658851113716
2009,physics.class-ph,physics,2,4265,0.0004689331770222743
2009,physics.comp-ph,physics,1,4265,0.00023446658851113716
2009,physics.data-an,physics,2,4265,0.0004689331770222743
2009,physics.ed-ph,physics,1,4265,0.00023446658851113716
2009,physics.flu-dyn,physics,1,4265,0.00023446658851113716
2009,physics.gen-ph,physics,84,4265,0.01969519343493552
2009,physics.hist-ph,physics,2,4265,0.0004689331770222743
2009,physics.ins-det,physics,33,4265,0.007737397420867527
2009,physics.med-ph,physics,2,4265,0.0004689331770222743
2009,physics.optics,physics,3,4265,0.0007033997655334115
2009,physics.plasm-ph,physics,2,4265,0.0004689331770222743
2009,physics.pop-ph,physics,6,4265,0.001406799531066823
2009,physics.soc-ph,physics,2,4265,0.0004689331770222743
2009,physics.space-ph,physics,1,4265,0.00023446658851113716
2009,q-bio.OT,quantitative biology,1,4265,0.00023446658851113716
2009,quant-ph,quantum physics,12,4265,0.002813599062133646
2009,stat.AP,statistics,4,4265,0.0009378663540445487
2010,astro-ph,astrophysics,55,4221,0.013030087656953328
2010,astro-ph.CO,astrophysics,1873,4221,0.4437337123904288
2010,astro-ph.EP,astrophysics,7,4221,0.001658374792703151
2010,astro-ph.GA,astrophysics,268,4221,0.06349206349206349
2010,astro-ph.HE,astrophysics,148,4221,0.035062781331438045
2010,astro-ph.IM,astrophysics,87,4221,0.02061122956645345
2010,astro-ph.SR,astrophysics,25,4221,0.005922767116796968
2010,cond-mat.mes-hall,condensed matter,3,4221,0.0007107320540156361
2010,cond-mat.other,condensed matter,2,4221,0.00047382136934375743
2010,cond-mat.quant-gas,condensed matter,6,4221,0.0014214641080312722
2010,cond-mat.stat-mech,condensed matter,5,4221,0.0011845534233593934
2010,cond-mat.supr-con,condensed matter,2,4221,0.00047382136934375743
2010,cs.CY,computer science,1,4221,0.00023691068467187872
2010,cs.DC,computer science,1,4221,0.00023691068467187872
2010,cs.DM,computer science,1,4221,0.00023691068467187872
2010,cs.GL,computer science,1,4221,0.00023691068467187872
2010,cs.NI,computer science,1,4221,0.00023691068467187872
2010,cs.OH,computer science,1,4221,0.00023691068467187872
2010,gr-qc,general relativity and quantum cosmology,346,4221,0.08197109689647003
2010,hep-ex,high-energy physics,62,4221,0.01468846244965648
2010,hep-lat,high-energy physics,8,4221,0.0018952854773750297
2010,hep-ph,high-energy physics,901,4221,0.2134565268893627
2010,hep-th,high-energy physics,205,4221,0.048566690357735136
2010,math-ph,mathematics,11,4221,0.002606017531390666
2010,math.AP,mathematics,1,4221,0.00023691068467187872
2010,math.DG,mathematics,2,4221,0.00047382136934375743
2010,math.GM,mathematics,3,4221,0.0007107320540156361
2010,nlin.CD,nonlinear sciences,1,4221,0.00023691068467187872
2010,nlin.PS,nonlinear sciences,1,4221,0.00023691068467187872
2010,nlin.SI,nonlinear sciences,1,4221,0.00023691068467187872
2010,nucl-ex,nuclear physics,21,4221,0.004975124378109453
2010,nucl-th,nuclear physics,6,4221,0.0014214641080312722
2010,physics.acc-ph,physics,2,4221,0.00047382136934375743
2010,physics.atom-ph,physics,5,4221,0.0011845534233593934
2010,physics.class-ph,physics,2,4221,0.00047382136934375743
2010,physics.comp-ph,physics,2,4221,0.00047382136934375743
2010,physics.data-an,physics,1,4221,0.00023691068467187872
2010,physics.gen-ph,physics,91,4221,0.02155887230514096
2010,physics.hist-ph,physics,4,4221,0.0009476427386875149
2010,physics.ins-det,physics,34,4221,0.008054963278843875
2010,physics.optics,physics,1,4221,0.00023691068467187872
2010,physics.pop-ph,physics,8,4221,0.0018952854773750297
2010,physics.soc-ph,physics,1,4221,0.00023691068467187872
2010,physics.space-ph,physics,1,4221,0.00023691068467187872
2010,quant-ph,quantum physics,12,4221,0.0028429282160625444
2010,stat.ME,statistics,1,4221,0.00023691068467187872
2011,astro-ph,astrophysics,13,4427,0.0029365258640162636
2011,astro-ph.CO,astrophysics,2003,4427,0.45245086966342896
2011,astro-ph.EP,astrophysics,9,4427,0.0020329794443189517
2011,astro-ph.GA,astrophysics,230,4427,0.051953919132595436
2011,astro-ph.HE,astrophysics,204,4427,0.04608086740456291
2011,astro-ph.IM,astrophysics,84,4427,0.01897447481364355
2011,astro-ph.SR,astrophysics,30,4427,0.00677659814772984
2011,cond-mat.other,condensed matter,1,4427,0.00022588660492432798
2011,cond-mat.quant-gas,condensed matter,4,4427,0.0009035464196973119
2011,cond-mat.soft,condensed matter,1,4427,0.00022588660492432798
2011,cond-mat.stat-mech,condensed matter,3,4427,0.0006776598147729839
2011,cond-mat.str-el,condensed matter,1,4427,0.00022588660492432798
2011,cond-mat.supr-con,condensed matter,3,4427,0.0006776598147729839
2011,cs.CG,computer science,1,4427,0.00022588660492432798
2011,cs.DC,computer science,2,4427,0.00045177320984865596
2011,cs.DL,computer science,1,4427,0.00022588660492432798
2011,cs.IR,computer science,1,4427,0.00022588660492432798
2011,cs.NI,computer science,1,4427,0.00022588660492432798
2011,gr-qc,general relativity and quantum cosmology,370,4427,0.08357804382200136
2011,hep-ex,high-energy physics,88,4427,0.019878021233340863
2011,hep-lat,high-energy physics,6,4427,0.0013553196295459679
2011,hep-ph,high-energy physics,940,4427,0.21233340862886832
2011,hep-th,high-energy physics,158,4427,0.03569008357804382
2011,math-ph,mathematics,17,4427,0.003840072283713576
2011,math.AP,mathematics,3,4427,0.0006776598147729839
2011,math.GT,mathematics,1,4427,0.00022588660492432798
2011,math.HO,mathematics,1,4427,0.00022588660492432798
2011,math.PR,mathematics,1,4427,0.00022588660492432798
2011,nucl-ex,nuclear physics,24,4427,0.0054212785181838715
2011,nucl-th,nuclear physics,5,4427,0.00112943302462164
2011,physics.acc-ph,physics,3,4427,0.0006776598147729839
2011,physics.atom-ph,physics,5,4427,0.00112943302462164
2011,physics.class-ph,physics,1,4427,0.00022588660492432798
2011,physics.comp-ph,physics,1,4427,0.00022588660492432798
2011,physics.data-an,physics,1,4427,0.00022588660492432798
2011,physics.flu-dyn,physics,1,4427,0.00022588660492432798
2011,physics.gen-ph,physics,119,4427,0.02688050598599503
2011,physics.geo-ph,physics,1,4427,0.00022588660492432798
2011,physics.hist-ph,physics,9,4427,0.0020329794443189517
2011,physics.ins-det,physics,57,4427,0.012875536480686695
2011,physics.optics,physics,3,4427,0.0006776598147729839
2011,physics.pop-ph,physics,6,4427,0.0013553196295459679
2011,physics.space-ph,physics,1,4427,0.00022588660492432798
2011,q-bio.GN,quantitative biology,1,4427,0.00022588660492432798
2011,q-bio.NC,quantitative biology,1,4427,0.00022588660492432798
2011,q-bio.OT,quantitative biology,1,4427,0.00022588660492432798
2011,quant-ph,quantum physics,8,4427,0.0018070928393946238
2011,stat.AP,statistics,1,4427,0.00022588660492432798
2011,stat.ML,statistics,1,4427,0.00022588660492432798
2012,astro-ph,astrophysics,2,5054,0.0003957261574990107
2012,astro-ph.CO,astrophysics,2139,5054,0.4232291254451919
2012,astro-ph.EP,astrophysics,5,5054,0.0009893153937475267
2012,astro-ph.GA,astrophysics,290,5054,0.05738029283735655
2012,astro-ph.HE,astrophysics,194,5054,0.03838543727740404
2012,astro-ph.IM,astrophysics,134,5054,0.026513652552433715
2012,astro-ph.SR,astrophysics,46,5054,0.009101701622477245
2012,cond-mat.mes-hall,condensed matter,3,5054,0.000593589236248516
2012,cond-mat.mtrl-sci,condensed matter,1,5054,0.00019786307874950534
2012,cond-mat.quant-gas,condensed matter,6,5054,0.001187178472497032
2012,cond-mat.stat-mech,condensed matter,6,5054,0.001187178472497032
2012,cond-mat.str-el,condensed matter,2,5054,0.0003957261574990107
2012,cond-mat.supr-con,condensed matter,3,5054,0.000593589236248516
2012,cs.CC,computer science,1,5054,0.00019786307874950534
2012,cs.CE,computer science,2,5054,0.0003957261574990107
2012,cs.DB,computer science,2,5054,0.0003957261574990107
2012,cs.DC,computer science,2,5054,0.0003957261574990107
2012,cs.IT,computer science,1,5054,0.00019786307874950534
2012,cs.LG,computer science,1,5054,0.00019786307874950534
2012,cs.NI,computer science,1,5054,0.00019786307874950534
2012,cs.OH,computer science,1,5054,0.00019786307874950534
2012,gr-qc,general relativity and quantum cosmology,429,5054,0.08488326078353779
2012,hep-ex,high-energy physics,111,5054,0.021962801741195092
2012,hep-lat,high-energy physics,20,5054,0.003957261574990107
2012,hep-ph,high-energy physics,1147,5054,0.22694895132568263
2012,hep-th,high-energy physics,177,5054,0.03502176493866244
2012,math-ph,mathematics,15,5054,0.00296794618124258
2012,math.AP,mathematics,4,5054,0.0007914523149980214
2012,math.DG,mathematics,1,5054,0.00019786307874950534
2012,math.GM,mathematics,3,5054,0.000593589236248516
2012,math.NT,mathematics,1,5054,0.00019786307874950534
2012,nlin.CD,nonlinear sciences,2,5054,0.0003957261574990107
2012,nlin.PS,nonlinear sciences,1,5054,0.00019786307874950534
2012,nucl-ex,nuclear physics,19,5054,0.0037593984962406013
2012,nucl-th,nuclear physics,15,5054,0.00296794618124258
2012,physics.acc-ph,physics,4,5054,0.0007914523149980214
2012,physics.atom-ph,physics,2,5054,0.0003957261574990107
2012,physics.bio-ph,physics,1,5054,0.00019786307874950534
2012,physics.class-ph,physics,3,5054,0.000593589236248516
2012,physics.comp-ph,physics,1,5054,0.00019786307874950534
2012,physics.data-an,physics,7,5054,0.0013850415512465374
2012,physics.ed-ph,physics,1,5054,0.00019786307874950534
2012,physics.flu-dyn,physics,2,5054,0.0003957261574990107
2012,physics.gen-ph,physics,139,5054,0.027502967946181244
2012,physics.hist-ph,physics,10,5054,0.0019786307874950534
2012,physics.ins-det,physics,70,5054,0.013850415512465374
2012,physics.optics,physics,4,5054,0.0007914523149980214
2012,physics.plasm-ph,physics,1,5054,0.00019786307874950534
2012,physics.pop-ph,physics,8,5054,0.0015829046299960427
2012,q-bio.BM,quantitative biology,1,5054,0.00019786307874950534
2012,q-bio.GN,quantitative biology,3,5054,0.000593589236248516
2012,q-bio.NC,quantitative biology,1,5054,0.00019786307874950534
2012,q-bio.OT,quantitative biology,1,5054,0.00019786307874950534
2012,quant-ph,quantum physics,5,5054,0.0009893153937475267
2012,stat.AP,statistics,1,5054,0.00019786307874950534
2012,stat.ME,statistics,2,5054,0.0003957261574990107
2013,astro-ph,astrophysics,2,5028,0.0003977724741447892
2013,astro-ph.CO,astrophysics,2072,5028,0.4120922832140016
2013,astro-ph.EP,astrophysics,18,5028,0.003579952267303103
2013,astro-ph.GA,astrophysics,289,5028,0.057478122513922036
2013,astro-ph.HE,astrophysics,222,5028,0.0441527446300716
2013,astro-ph.IM,astrophysics,114,5028,0.022673031026252982
2013,astro-ph.SR,astrophysics,31,5028,0.006165473349244232
2013,cond-mat.mes-hall,condensed matter,3,5028,0.0005966587112171838
2013,cond-mat.mtrl-sci,condensed matter,1,5028,0.0001988862370723946
2013,cond-mat.quant-gas,condensed matter,3,5028,0.0005966587112171838
2013,cond-mat.stat-mech,condensed matter,5,5028,0.000994431185361973
2013,cond-mat.supr-con,condensed matter,2,5028,0.0003977724741447892
2013,cs.CE,computer science,1,5028,0.0001988862370723946
2013,cs.CY,computer science,1,5028,0.0001988862370723946
2013,cs.DC,computer science,3,5028,0.0005966587112171838
2013,cs.DL,computer science,1,5028,0.0001988862370723946
2013,cs.IT,computer science,1,5028,0.0001988862370723946
2013,gr-qc,general relativity and quantum cosmology,421,5028,0.08373110580747813
2013,hep-ex,high-energy physics,116,5028,0.023070803500397773
2013,hep-lat,high-energy physics,20,5028,0.003977724741447892
2013,hep-ph,high-energy physics,1178,5028,0.23428798727128083
2013,hep-th,high-energy physics,151,5028,0.030031821797931582
2013,math-ph,mathematics,10,5028,0.001988862370723946
2013,math.AP,mathematics,4,5028,0.0007955449482895784
2013,math.DG,mathematics,1,5028,0.0001988862370723946
2013,nlin.CD,nonlinear sciences,2,5028,0.0003977724741447892
2013,nlin.PS,nonlinear sciences,1,5028,0.0001988862370723946
2013,nucl-ex,nuclear physics,9,5028,0.0017899761336515514
2013,nucl-th,nuclear physics,15,5028,0.0029832935560859188
2013,physics.acc-ph,physics,14,5028,0.0027844073190135244
2013,physics.atom-ph,physics,10,5028,0.001988862370723946
2013,physics.chem-ph,physics,1,5028,0.0001988862370723946
2013,physics.class-ph,physics,1,5028,0.0001988862370723946
2013,physics.comp-ph,physics,3,5028,0.0005966587112171838
2013,physics.data-an,physics,3,5028,0.0005966587112171838
2013,physics.ed-ph,physics,3,5028,0.0005966587112171838
2013,physics.flu-dyn,physics,1,5028,0.0001988862370723946
2013,physics.gen-ph,physics,109,5028,0.02167859984089101
2013,physics.hist-ph,physics,20,5028,0.003977724741447892
2013,physics.ins-det,physics,131,5028,0.02605409705648369
2013,physics.plasm-ph,physics,1,5028,0.0001988862370723946
2013,physics.pop-ph,physics,8,5028,0.0015910898965791568
2013,physics.space-ph,physics,2,5028,0.0003977724741447892
2013,q-bio.GN,quantitative biology,5,5028,0.000994431185361973
2013,q-bio.NC,quantitative biology,1,5028,0.0001988862370723946
2013,q-bio.PE,quantitative biology,1,5028,0.0001988862370723946
2013,quant-ph,quantum physics,11,5028,0.0021877486077963404
2013,stat.AP,statistics,2,5028,0.0003977724741447892
2013,stat.CO,statistics,1,5028,0.0001988862370723946
2013,stat.ME,statistics,2,5028,0.0003977724741447892
2013,stat.ML,statistics,1,5028,0.0001988862370723946
2014,astro-ph,astrophysics,1,5110,0.00019569471624266145
2014,astro-ph.CO,astrophysics,1604,5110,0.313894324853229
2014,astro-ph.EP,astrophysics,7,5110,0.0013698630136986301
2014,astro-ph.GA,astrophysics,823,5110,0.16105675146771037
2014,astro-ph.HE,astrophysics,197,5110,0.038551859099804305
2014,astro-ph.IM,astrophysics,124,5110,0.02426614481409002
2014,astro-ph.SR,astrophysics,48,5110,0.00939334637964775
2014,cond-mat.mes-hall,condensed matter,3,5110,0.0005870841487279843
2014,cond-mat.mtrl-sci,condensed matter,2,5110,0.0003913894324853229
2014,cond-mat.other,condensed matter,1,5110,0.00019569471624266145
2014,cond-mat.quant-gas,condensed matter,4,5110,0.0007827788649706458
2014,cond-mat.stat-mech,condensed matter,3,5110,0.0005870841487279843
2014,cond-mat.str-el,condensed matter,1,5110,0.00019569471624266145
2014,cond-mat.supr-con,condensed matter,2,5110,0.0003913894324853229
2014,cs.AI,computer science,2,5110,0.0003913894324853229
2014,cs.CL,computer science,1,5110,0.00019569471624266145
2014,cs.CV,computer science,2,5110,0.0003913894324853229
2014,cs.DL,computer science,1,5110,0.00019569471624266145
2014,cs.DS,computer science,2,5110,0.0003913894324853229
2014,cs.GR,computer science,1,5110,0.00019569471624266145
2014,cs.HC,computer science,1,5110,0.00019569471624266145
2014,cs.NA,computer science,1,5110,0.00019569471624266145
2014,gr-qc,general relativity and quantum cosmology,456,5110,0.08923679060665363
2014,hep-ex,high-energy physics,110,5110,0.021526418786692758
2014,hep-lat,high-energy physics,16,5110,0.0031311154598825833
2014,hep-ph,high-energy physics,1240,5110,0.24266144814090018
2014,hep-th,high-energy physics,165,5110,0.03228962818003914
2014,math-ph,mathematics,12,5110,0.0023483365949119373
2014,math.AP,mathematics,2,5110,0.0003913894324853229
2014,math.CA,mathematics,1,5110,0.00019569471624266145
2014,math.DG,mathematics,2,5110,0.0003913894324853229
2014,math.HO,mathematics,2,5110,0.0003913894324853229
2014,nlin.CD,nonlinear sciences,1,5110,0.00019569471624266145
2014,nlin.SI,nonlinear sciences,2,5110,0.0003913894324853229
2014,nucl-ex,nuclear physics,18,5110,0.0035225048923679062
2014,nucl-th,nuclear physics,8,5110,0.0015655577299412916
2014,physics.acc-ph,physics,9,5110,0.0017612524461839531
2014,physics.atom-ph,physics,6,5110,0.0011741682974559687
2014,physics.chem-ph,physics,5,5110,0.0009784735812133072
2014,physics.class-ph,physics,3,5110,0.0005870841487279843
2014,physics.comp-ph,physics,1,5110,0.00019569471624266145
2014,physics.data-an,physics,2,5110,0.0003913894324853229
2014,physics.ed-ph,physics,1,5110,0.00019569471624266145
2014,physics.gen-ph,physics,54,5110,0.010567514677103719
2014,physics.geo-ph,physics,2,5110,0.0003913894324853229
2014,physics.hist-ph,physics,19,5110,0.0037181996086105675
2014,physics.ins-det,physics,103,5110,0.02015655577299413
2014,physics.med-ph,physics,1,5110,0.00019569471624266145
2014,physics.optics,physics,3,5110,0.0005870841487279843
2014,physics.plasm-ph,physics,1,5110,0.00019569471624266145
2014,physics.pop-ph,physics,6,5110,0.0011741682974559687
2014,physics.space-ph,physics,3,5110,0.0005870841487279843
2014,q-bio.BM,quantitative biology,1,5110,0.00019569471624266145
2014,q-bio.GN,quantitative biology,2,5110,0.0003913894324853229
2014,q-bio.QM,quantitative biology,1,5110,0.00019569471624266145
2014,q-bio.SC,quantitative biology,1,5110,0.00019569471624266145
2014,q-fin.GN,quantitative finance,1,5110,0.00019569471624266145
2014,quant-ph,quantum physics,13,5110,0.002544031311154599
2014,stat.AP,statistics,3,5110,0.0005870841487279843
2014,stat.ME,statistics,2,5110,0.0003913894324853229
2014,stat.ML,statistics,1,5110,0.00019569471624266145
2015,astro-ph,astrophysics,1,5685,0.00017590149516270889
2015,astro-ph.CO,astrophysics,1234,5685,0.21706244503078276
2015,astro-ph.EP,astrophysics,14,5685,0.0024626209322779246
2015,astro-ph.GA,astrophysics,1210,5685,0.21284080914687775
2015,astro-ph.HE,astrophysics,303,5685,0.05329815303430079
2015,astro-ph.IM,astrophysics,120,5685,0.021108179419525065
2015,astro-ph.SR,astrophysics,55,5685,0.009674582233948988
2015,cond-mat.mes-hall,condensed matter,2,5685,0.00035180299032541777
2015,cond-mat.mtrl-sci,condensed matter,3,5685,0.0005277044854881266
2015,cond-mat.other,condensed matter,1,5685,0.00017590149516270889
2015,cond-mat.quant-gas,condensed matter,4,5685,0.0007036059806508355
2015,cond-mat.stat-mech,condensed matter,2,5685,0.00035180299032541777
2015,cond-mat.supr-con,condensed matter,2,5685,0.00035180299032541777
2015,cs.CE,computer science,2,5685,0.00035180299032541777
2015,cs.CV,computer science,7,5685,0.0012313104661389623
2015,cs.DC,computer science,1,5685,0.00017590149516270889
2015,cs.DM,computer science,1,5685,0.00017590149516270889
2015,cs.DS,computer science,2,5685,0.00035180299032541777
2015,cs.IT,computer science,1,5685,0.00017590149516270889
2015,cs.MS,computer science,1,5685,0.00017590149516270889
2015,cs.RO,computer science,1,5685,0.00017590149516270889
2015,gr-qc,general relativity and quantum cosmology,611,5685,0.10747581354441513
2015,hep-ex,high-energy physics,123,5685,0.02163588390501319
2015,hep-lat,high-energy physics,23,5685,0.0040457343887423045
2015,hep-ph,high-energy physics,1371,5685,0.24116094986807388
2015,hep-th,high-energy physics,179,5685,0.03148636763412489
2015,math-ph,mathematics,11,5685,0.0019349164467897977
2015,math.AP,mathematics,3,5685,0.0005277044854881266
2015,math.DG,mathematics,2,5685,0.00035180299032541777
2015,math.ST,mathematics,2,5685,0.00035180299032541777
2015,nlin.CD,nonlinear sciences,2,5685,0.00035180299032541777
2015,nlin.SI,nonlinear sciences,1,5685,0.00017590149516270889
2015,nucl-ex,nuclear physics,14,5685,0.0024626209322779246
2015,nucl-th,nuclear physics,19,5685,0.003342128408091469
2015,physics.acc-ph,physics,3,5685,0.0005277044854881266
2015,physics.atom-ph,physics,16,5685,0.002814423922603342
2015,physics.chem-ph,physics,3,5685,0.0005277044854881266
2015,physics.class-ph,physics,1,5685,0.00017590149516270889
2015,physics.comp-ph,physics,3,5685,0.0005277044854881266
2015,physics.data-an,physics,3,5685,0.0005277044854881266
2015,physics.ed-ph,physics,4,5685,0.0007036059806508355
2015,physics.flu-dyn,physics,1,5685,0.00017590149516270889
2015,physics.gen-ph,physics,75,5685,0.013192612137203167
2015,physics.geo-ph,physics,2,5685,0.00035180299032541777
2015,physics.hist-ph,physics,19,5685,0.003342128408091469
2015,physics.ins-det,physics,186,5685,0.03271767810026385
2015,physics.med-ph,physics,1,5685,0.00017590149516270889
2015,physics.optics,physics,5,5685,0.0008795074758135445
2015,physics.plasm-ph,physics,3,5685,0.0005277044854881266
2015,physics.pop-ph,physics,7,5685,0.0012313104661389623
2015,physics.soc-ph,physics,2,5685,0.00035180299032541777
2015,physics.space-ph,physics,1,5685,0.00017590149516270889
2015,q-bio.BM,quantitative biology,1,5685,0.00017590149516270889
2015,q-bio.NC,quantitative biology,1,5685,0.00017590149516270889
2015,q-bio.OT,quantitative biology,1,5685,0.00017590149516270889
2015,q-bio.QM,quantitative biology,1,5685,0.00017590149516270889
2015,quant-ph,quantum physics,14,5685,0.0024626209322779246
2015,stat.AP,statistics,1,5685,0.00017590149516270889
2015,stat.ME,statistics,1,5685,0.00017590149516270889
2015,stat.ML,statistics,2,5685,0.00035180299032541777
2016,astro-ph.CO,astrophysics,1244,5806,0.214261109197382
2016,astro-ph.EP,astrophysics,18,5806,0.003100241129865656
2016,astro-ph.GA,astrophysics,1236,5806,0.21288322425077505
2016,astro-ph.HE,astrophysics,280,5806,0.04822597313124354
2016,astro-ph.IM,astrophysics,133,5806,0.02290733723734068
2016,astro-ph.SR,astrophysics,41,5806,0.007061660351360661
2016,cond-mat.mes-hall,condensed matter,3,5806,0.0005167068549776093
2016,cond-mat.mtrl-sci,condensed matter,2,5806,0.0003444712366517396
2016,cond-mat.other,condensed matter,2,5806,0.0003444712366517396
2016,cond-mat.quant-gas,condensed matter,1,5806,0.0001722356183258698
2016,cond-mat.stat-mech,condensed matter,8,5806,0.0013778849466069584
2016,cond-mat.str-el,condensed matter,2,5806,0.0003444712366517396
2016,cond-mat.supr-con,condensed matter,2,5806,0.0003444712366517396
2016,cs.CL,computer science,1,5806,0.0001722356183258698
2016,cs.CV,computer science,11,5806,0.0018945918015845678
2016,cs.CY,computer science,1,5806,0.0001722356183258698
2016,cs.DC,computer science,2,5806,0.0003444712366517396
2016,cs.DL,computer science,1,5806,0.0001722356183258698
2016,cs.DM,computer science,1,5806,0.0001722356183258698
2016,cs.DS,computer science,1,5806,0.0001722356183258698
2016,cs.LG,computer science,1,5806,0.0001722356183258698
2016,cs.MS,computer science,1,5806,0.0001722356183258698
2016,cs.NE,computer science,1,5806,0.0001722356183258698
2016,cs.RO,computer science,1,5806,0.0001722356183258698
2016,cs.SE,computer science,1,5806,0.0001722356183258698
2016,gr-qc,general relativity and quantum cosmology,622,5806,0.107130554598691
2016,hep-ex,high-energy physics,115,5806,0.019807096107475025
2016,hep-lat,high-energy physics,38,5806,0.006544953496383052
2016,hep-ph,high-energy physics,1444,5806,0.24870823286255597
2016,hep-th,high-energy physics,201,5806,0.03461935928349983
2016,math-ph,mathematics,7,5806,0.0012056493282810886
2016,math.AP,mathematics,4,5806,0.0006889424733034792
2016,math.CO,mathematics,1,5806,0.0001722356183258698
2016,math.DG,mathematics,3,5806,0.0005167068549776093
2016,math.DS,mathematics,2,5806,0.0003444712366517396
2016,math.HO,mathematics,1,5806,0.0001722356183258698
2016,math.NA,mathematics,2,5806,0.0003444712366517396
2016,math.PR,mathematics,2,5806,0.0003444712366517396
2016,math.ST,mathematics,1,5806,0.0001722356183258698
2016,nlin.PS,nonlinear sciences,3,5806,0.0005167068549776093
2016,nlin.SI,nonlinear sciences,1,5806,0.0001722356183258698
2016,nucl-ex,nuclear physics,13,5806,0.0022390630382363073
2016,nucl-th,nuclear physics,14,5806,0.002411298656562177
2016,physics.acc-ph,physics,2,5806,0.0003444712366517396
2016,physics.atm-clus,physics,2,5806,0.0003444712366517396
2016,physics.atom-ph,physics,28,5806,0.004822597313124354
2016,physics.bio-ph,physics,1,5806,0.0001722356183258698
2016,physics.chem-ph,physics,2,5806,0.0003444712366517396
2016,physics.class-ph,physics,2,5806,0.0003444712366517396
2016,physics.comp-ph,physics,5,5806,0.000861178091629349
2016,physics.data-an,physics,4,5806,0.0006889424733034792
2016,physics.gen-ph,physics,85,5806,0.014640027557698932
2016,physics.geo-ph,physics,1,5806,0.0001722356183258698
2016,physics.hist-ph,physics,9,5806,0.001550120564932828
2016,physics.ins-det,physics,146,5806,0.025146400275576988
2016,physics.optics,physics,3,5806,0.0005167068549776093
2016,physics.plasm-ph,physics,1,5806,0.0001722356183258698
2016,physics.pop-ph,physics,4,5806,0.0006889424733034792
2016,physics.soc-ph,physics,3,5806,0.0005167068549776093
2016,physics.space-ph,physics,1,5806,0.0001722356183258698
2016,q-bio.GN,quantitative biology,3,5806,0.0005167068549776093
2016,q-bio.MN,quantitative biology,1,5806,0.0001722356183258698
2016,q-bio.NC,quantitative biology,3,5806,0.0005167068549776093
2016,q-bio.PE,quantitative biology,1,5806,0.0001722356183258698
2016,q-fin.GN,quantitative finance,1,5806,0.0001722356183258698
2016,q-fin.ST,quantitative finance,1,5806,0.0001722356183258698
2016,quant-ph,quantum physics,21,5806,0.0036169479848432657
2016,stat.AP,statistics,2,5806,0.0003444712366517396
2016,stat.CO,statistics,2,5806,0.0003444712366517396
2016,stat.ME,statistics,1,5806,0.0001722356183258698
2016,stat.ML,statistics,2,5806,0.0003444712366517396
2017,astro-ph.CO,astrophysics,1209,5931,0.20384420839656045
2017,astro-ph.EP,astrophysics,18,5931,0.0030349013657056147
2017,astro-ph.GA,astrophysics,1374,5931,0.23166413758219526
2017,astro-ph.HE,astrophysics,333,5931,0.05614567526555387
2017,astro-ph.IM,astrophysics,141,5931,0.023773394031360646
2017,astro-ph.SR,astrophysics,43,5931,0.007250042151407857
2017,cond-mat.dis-nn,condensed matter,2,5931,0.0003372112628561794
2017,cond-mat.mes-hall,condensed matter,2,5931,0.0003372112628561794
2017,cond-mat.mtrl-sci,condensed matter,5,5931,0.0008430281571404484
2017,cond-mat.other,condensed matter,2,5931,0.0003372112628561794
2017,cond-mat.quant-gas,condensed matter,1,5931,0.0001686056314280897
2017,cond-mat.soft,condensed matter,1,5931,0.0001686056314280897
2017,cond-mat.stat-mech,condensed matter,7,5931,0.0011802394199966278
2017,cond-mat.str-el,condensed matter,5,5931,0.0008430281571404484
2017,cond-mat.supr-con,condensed matter,1,5931,0.0001686056314280897
2017,cs.CE,computer science,1,5931,0.0001686056314280897
2017,cs.CL,computer science,1,5931,0.0001686056314280897
2017,cs.CV,computer science,7,5931,0.0011802394199966278
2017,cs.CY,computer science,3,5931,0.0005058168942842691
2017,cs.DB,computer science,1,5931,0.0001686056314280897
2017,cs.DC,computer science,2,5931,0.0003372112628561794
2017,cs.DL,computer science,1,5931,0.0001686056314280897
2017,cs.DS,computer science,1,5931,0.0001686056314280897
2017,cs.GR,computer science,1,5931,0.0001686056314280897
2017,cs.IR,computer science,2,5931,0.0003372112628561794
2017,cs.IT,computer science,1,5931,0.0001686056314280897
2017,cs.LG,computer science,3,5931,0.0005058168942842691
2017,cs.NE,computer science,1,5931,0.0001686056314280897
2017,cs.OH,computer science,1,5931,0.0001686056314280897
2017,cs.RO,computer science,1,5931,0.0001686056314280897
2017,cs.SE,computer science,1,5931,0.0001686056314280897
2017,gr-qc,general relativity and quantum cosmology,608,5931,0.10251222390827854
2017,hep-ex,high-energy physics,162,5931,0.027314112291350532
2017,hep-lat,high-energy physics,27,5931,0.004552352048558422
2017,hep-ph,high-energy physics,1335,5931,0.22508851795649976
2017,hep-th,high-energy physics,184,5931,0.031023436182768503
2017,math-ph,mathematics,11,5931,0.0018546619457089867
2017,math.AP,mathematics,3,5931,0.0005058168942842691
2017,math.CA,mathematics,1,5931,0.0001686056314280897
2017,math.DG,mathematics,3,5931,0.0005058168942842691
2017,math.FA,mathematics,1,5931,0.0001686056314280897
2017,math.HO,mathematics,2,5931,0.0003372112628561794
2017,math.NA,mathematics,3,5931,0.0005058168942842691
2017,nlin.PS,nonlinear sciences,1,5931,0.0001686056314280897
2017,nucl-ex,nuclear physics,16,5931,0.002697690102849435
2017,nucl-th,nuclear physics,18,5931,0.0030349013657056147
2017,physics.acc-ph,physics,10,5931,0.001686056314280897
2017,physics.app-ph,physics,1,5931,0.0001686056314280897
2017,physics.atom-ph,physics,23,5931,0.003877929522846063
2017,physics.bio-ph,physics,1,5931,0.0001686056314280897
2017,physics.chem-ph,physics,2,5931,0.0003372112628561794
2017,physics.class-ph,physics,1,5931,0.0001686056314280897
2017,physics.comp-ph,physics,7,5931,0.0011802394199966278
2017,physics.data-an,physics,4,5931,0.0006744225257123588
2017,physics.ed-ph,physics,5,5931,0.0008430281571404484
2017,physics.flu-dyn,physics,2,5931,0.0003372112628561794
2017,physics.gen-ph,physics,91,5931,0.015343112459956162
2017,physics.geo-ph,physics,1,5931,0.0001686056314280897
2017,physics.hist-ph,physics,20,5931,0.003372112628561794
2017,physics.ins-det,physics,149,5931,0.025122239082785366
2017,physics.med-ph,physics,1,5931,0.0001686056314280897
2017,physics.optics,physics,3,5931,0.0005058168942842691
2017,physics.plasm-ph,physics,2,5931,0.0003372112628561794
2017,physics.pop-ph,physics,9,5931,0.0015174506828528073
2017,physics.soc-ph,physics,2,5931,0.0003372112628561794
2017,physics.space-ph,physics,3,5931,0.0005058168942842691
2017,q-bio.GN,quantitative biology,1,5931,0.0001686056314280897
2017,q-bio.MN,quantitative biology,1,5931,0.0001686056314280897
2017,q-bio.NC,quantitative biology,3,5931,0.0005058168942842691
2017,q-bio.OT,quantitative biology,2,5931,0.0003372112628561794
2017,quant-ph,quantum physics,30,5931,0.005058168942842691
2017,stat.AP,statistics,2,5931,0.0003372112628561794
2017,stat.CO,statistics,1,5931,0.0001686056314280897
2017,stat.ME,statistics,2,5931,0.0003372112628561794
2017,stat.ML,statistics,4,5931,0.0006744225257123588
2017,stat.OT,statistics,1,5931,0.0001686056314280897
2018,astro-ph.CO,astrophysics,1286,6475,0.19861003861003862
2018,astro-ph.EP,astrophysics,21,6475,0.003243243243243243
2018,astro-ph.GA,astrophysics,1456,6475,0.22486486486486487
2018,astro-ph.HE,astrophysics,313,6475,0.04833976833976834
2018,astro-ph.IM,astrophysics,168,6475,0.025945945945945945
2018,astro-ph.SR,astrophysics,39,6475,0.006023166023166023
2018,cond-mat.mes-hall,condensed matter,5,6475,0.0007722007722007722
2018,cond-mat.mtrl-sci,condensed matter,2,6475,0.0003088803088803089
2018,cond-mat.other,condensed matter,2,6475,0.0003088803088803089
2018,cond-mat.quant-gas,condensed matter,2,6475,0.0003088803088803089
2018,cond-mat.stat-mech,condensed matter,5,6475,0.0007722007722007722
2018,cond-mat.str-el,condensed matter,2,6475,0.0003088803088803089
2018,cond-mat.supr-con,condensed matter,5,6475,0.0007722007722007722
2018,cs.AI,computer science,1,6475,0.00015444015444015445
2018,cs.CG,computer science,2,6475,0.0003088803088803089
2018,cs.CL,computer science,2,6475,0.0003088803088803089
2018,cs.CV,computer science,8,6475,0.0012355212355212356
2018,cs.CY,computer science,4,6475,0.0006177606177606178
2018,cs.DC,computer science,3,6475,0.0004633204633204633
2018,cs.DL,computer science,2,6475,0.0003088803088803089
2018,cs.DM,computer science,1,6475,0.00015444015444015445
2018,cs.DS,computer science,1,6475,0.00015444015444015445
2018,cs.LG,computer science,3,6475,0.0004633204633204633
2018,cs.LO,computer science,1,6475,0.00015444015444015445
2018,cs.MS,computer science,1,6475,0.00015444015444015445
2018,cs.NE,computer science,1,6475,0.00015444015444015445
2018,cs.SI,computer science,1,6475,0.00015444015444015445
2018,cs.SY,computer science,1,6475,0.00015444015444015445
2018,gr-qc,general relativity and quantum cosmology,720,6475,0.11119691119691119
2018,hep-ex,high-energy physics,165,6475,0.025482625482625483
2018,hep-lat,high-energy physics,45,6475,0.0069498069498069494
2018,hep-ph,high-energy physics,1475,6475,0.2277992277992278
2018,hep-th,high-energy physics,211,6475,0.03258687258687259
2018,math-ph,mathematics,5,6475,0.0007722007722007722
2018,math.AP,mathematics,4,6475,0.0006177606177606178
2018,math.CA,mathematics,2,6475,0.0003088803088803089
2018,math.DG,mathematics,1,6475,0.00015444015444015445
2018,math.DS,mathematics,2,6475,0.0003088803088803089
2018,math.FA,mathematics,1,6475,0.00015444015444015445
2018,math.GT,mathematics,1,6475,0.00015444015444015445
2018,math.HO,mathematics,1,6475,0.00015444015444015445
2018,math.RA,mathematics,1,6475,0.00015444015444015445
2018,math.ST,mathematics,1,6475,0.00015444015444015445
2018,nlin.CD,nonlinear sciences,2,6475,0.0003088803088803089
2018,nucl-ex,nuclear physics,23,6475,0.003552123552123552
2018,nucl-th,nuclear physics,18,6475,0.0027799227799227798
2018,physics.acc-ph,physics,11,6475,0.001698841698841699
2018,physics.app-ph,physics,2,6475,0.0003088803088803089
2018,physics.atm-clus,physics,1,6475,0.00015444015444015445
2018,physics.atom-ph,physics,46,6475,0.007104247104247104
2018,physics.bio-ph,physics,2,6475,0.0003088803088803089
2018,physics.class-ph,physics,2,6475,0.0003088803088803089
2018,physics.comp-ph,physics,9,6475,0.0013899613899613899
2018,physics.data-an,physics,3,6475,0.0004633204633204633
2018,physics.ed-ph,physics,8,6475,0.0012355212355212356
2018,physics.flu-dyn,physics,2,6475,0.0003088803088803089
2018,physics.gen-ph,physics,90,6475,0.013899613899613899
2018,physics.hist-ph,physics,20,6475,0.003088803088803089
2018,physics.ins-det,physics,204,6475,0.031505791505791504
2018,physics.med-ph,physics,2,6475,0.0003088803088803089
2018,physics.optics,physics,8,6475,0.0012355212355212356
2018,physics.plasm-ph,physics,2,6475,0.0003088803088803089
2018,physics.pop-ph,physics,6,6475,0.0009266409266409266
2018,physics.soc-ph,physics,2,6475,0.0003088803088803089
2018,physics.space-ph,physics,2,6475,0.0003088803088803089
2018,q-bio.BM,quantitative biology,1,6475,0.00015444015444015445
2018,q-bio.GN,quantitative biology,1,6475,0.00015444015444015445
2018,q-bio.NC,quantitative biology,2,6475,0.0003088803088803089
2018,q-bio.QM,quantitative biology,3,6475,0.0004633204633204633
2018,q-fin.PM,quantitative finance,1,6475,0.00015444015444015445
2018,q-fin.ST,quantitative finance,1,6475,0.00015444015444015445
2018,quant-ph,quantum physics,17,6475,0.0026254826254826255
2018,stat.AP,statistics,2,6475,0.0003088803088803089
2018,stat.ME,statistics,6,6475,0.0009266409266409266
2018,stat.ML,statistics,3,6475,0.0004633204633204633
2019,astro-ph,astrophysics,1,6878,0.00014539110206455364
2019,astro-ph.CO,astrophysics,1387,6878,0.20165745856353592
2019,astro-ph.EP,astrophysics,18,6878,0.002617039837161966
2019,astro-ph.GA,astrophysics,1580,6878,0.22971794126199477
2019,astro-ph.HE,astrophysics,418,6878,0.06077348066298342
2019,astro-ph.IM,astrophysics,211,6878,0.03067752253562082
2019,astro-ph.SR,astrophysics,58,6878,0.008432683919744112
2019,cond-mat.mes-hall,condensed matter,5,6878,0.0007269555103227683
2019,cond-mat.mtrl-sci,condensed matter,7,6878,0.0010177377144518756
2019,cond-mat.other,condensed matter,3,6878,0.00043617330619366096
2019,cond-mat.quant-gas,condensed matter,3,6878,0.00043617330619366096
2019,cond-mat.stat-mech,condensed matter,15,6878,0.0021808665309683045
2019,cond-mat.str-el,condensed matter,3,6878,0.00043617330619366096
2019,cond-mat.supr-con,condensed matter,3,6878,0.00043617330619366096
2019,cs.AI,computer science,2,6878,0.0002907822041291073
2019,cs.CG,computer science,1,6878,0.00014539110206455364
2019,cs.CL,computer science,3,6878,0.00043617330619366096
2019,cs.CR,computer science,2,6878,0.0002907822041291073
2019,cs.CV,computer science,14,6878,0.002035475428903751
2019,cs.CY,computer science,5,6878,0.0007269555103227683
2019,cs.DB,computer science,1,6878,0.00014539110206455364
2019,cs.DC,computer science,5,6878,0.0007269555103227683
2019,cs.GL,computer science,1,6878,0.00014539110206455364
2019,cs.HC,computer science,1,6878,0.00014539110206455364
2019,cs.LG,computer science,12,6878,0.0017446932247746438
2019,cs.LO,computer science,1,6878,0.00014539110206455364
2019,cs.MA,computer science,1,6878,0.00014539110206455364
2019,cs.PF,computer science,1,6878,0.00014539110206455364
2019,cs.RO,computer science,1,6878,0.00014539110206455364
2019,eess.IV,electrical engineering and systems science,2,6878,0.0002907822041291073
2019,eess.SY,electrical engineering and systems science,1,6878,0.00014539110206455364
2019,gr-qc,general relativity and quantum cosmology,761,6878,0.11064262867112533
2019,hep-ex,high-energy physics,175,6878,0.025443442861296888
2019,hep-lat,high-energy physics,30,6878,0.004361733061936609
2019,hep-ph,high-energy physics,1410,6878,0.20500145391102065
2019,hep-th,high-energy physics,200,6878,0.02907822041291073
2019,math-ph,mathematics,9,6878,0.001308519918580983
2019,math.DG,mathematics,1,6878,0.00014539110206455364
2019,math.NA,mathematics,2,6878,0.0002907822041291073
2019,math.OC,mathematics,1,6878,0.00014539110206455364
2019,math.RT,mathematics,1,6878,0.00014539110206455364
2019,nlin.PS,nonlinear sciences,5,6878,0.0007269555103227683
2019,nucl-ex,nuclear physics,31,6878,0.004507124164001163
2019,nucl-th,nuclear physics,23,6878,0.003343995347484734
2019,physics.acc-ph,physics,13,6878,0.0018900843268391974
2019,physics.ao-ph,physics,1,6878,0.00014539110206455364
2019,physics.app-ph,physics,4,6878,0.0005815644082582146
2019,physics.atom-ph,physics,45,6878,0.006542599592904914
2019,physics.chem-ph,physics,3,6878,0.00043617330619366096
2019,physics.class-ph,physics,4,6878,0.0005815644082582146
2019,physics.comp-ph,physics,4,6878,0.0005815644082582146
2019,physics.data-an,physics,5,6878,0.0007269555103227683
2019,physics.ed-ph,physics,5,6878,0.0007269555103227683
2019,physics.flu-dyn,physics,1,6878,0.00014539110206455364
2019,physics.gen-ph,physics,110,6878,0.0159930212271009
2019,physics.hist-ph,physics,27,6878,0.003925559755742949
2019,physics.ins-det,physics,167,6878,0.024280314044780458
2019,physics.optics,physics,5,6878,0.0007269555103227683
2019,physics.plasm-ph,physics,4,6878,0.0005815644082582146
2019,physics.pop-ph,physics,8,6878,0.0011631288165164292
2019,physics.soc-ph,physics,1,6878,0.00014539110206455364
2019,physics.space-ph,physics,4,6878,0.0005815644082582146
2019,q-bio.BM,quantitative biology,1,6878,0.00014539110206455364
2019,q-bio.MN,quantitative biology,1,6878,0.00014539110206455364
2019,q-bio.NC,quantitative biology,1,6878,0.00014539110206455364
2019,q-bio.PE,quantitative biology,1,6878,0.00014539110206455364
2019,q-bio.QM,quantitative biology,1,6878,0.00014539110206455364
2019,quant-ph,quantum physics,36,6878,0.005234079674323932
2019,stat.AP,statistics,3,6878,0.00043617330619366096
2019,stat.CO,statistics,3,6878,0.00043617330619366096
2019,stat.ME,statistics,1,6878,0.00014539110206455364
2019,stat.ML,statistics,4,6878,0.0005815644082582146
2020,astro-ph.CO,astrophysics,1424,6986,0.20383624391640423
2020,astro-ph.EP,astrophysics,19,6986,0.002719725164614944
2020,astro-ph.GA,astrophysics,1474,6986,0.21099341540223304
2020,astro-ph.HE,astrophysics,350,6986,0.050100200400801605
2020,astro-ph.IM,astrophysics,137,6986,0.019610649871170914
2020,astro-ph.SR,astrophysics,62,6986,0.008874892642427712
2020,cond-mat.mes-hall,condensed matter,14,6986,0.002004008016032064
2020,cond-mat.mtrl-sci,condensed matter,5,6986,0.0007157171485828801
2020,cond-mat.quant-gas,condensed matter,4,6986,0.000572573718866304
2020,cond-mat.soft,condensed matter,2,6986,0.000286286859433152
2020,cond-mat.stat-mech,condensed matter,10,6986,0.0014314342971657602
2020,cond-mat.str-el,condensed matter,2,6986,0.000286286859433152
2020,cond-mat.supr-con,condensed matter,6,6986,0.0008588605782994561
2020,cs.AI,computer science,1,6986,0.000143143429716576
2020,cs.AR,computer science,1,6986,0.000143143429716576
2020,cs.CC,computer science,2,6986,0.000286286859433152
2020,cs.CL,computer science,8,6986,0.001145147437732608
2020,cs.CR,computer science,1,6986,0.000143143429716576
2020,cs.CV,computer science,10,6986,0.0014314342971657602
2020,cs.CY,computer science,5,6986,0.0007157171485828801
2020,cs.DC,computer science,8,6986,0.001145147437732608
2020,cs.DL,computer science,3,6986,0.00042943028914972805
2020,cs.DM,computer science,2,6986,0.000286286859433152
2020,cs.GR,computer science,1,6986,0.000143143429716576
2020,cs.LG,computer science,10,6986,0.0014314342971657602
2020,cs.MS,computer science,2,6986,0.000286286859433152
2020,cs.PF,computer science,1,6986,0.000143143429716576
2020,cs.RO,computer science,2,6986,0.000286286859433152
2020,cs.SE,computer science,1,6986,0.000143143429716576
2020,cs.SI,computer science,1,6986,0.000143143429716576
2020,gr-qc,general relativity and quantum cosmology,911,6986,0.13040366447180074
2020,hep-ex,high-energy physics,139,6986,0.019896936730604064
2020,hep-lat,high-energy physics,20,6986,0.0028628685943315204
2020,hep-ph,high-energy physics,1482,6986,0.21213856283996566
2020,hep-th,high-energy physics,239,6986,0.03421127970226167
2020,math-ph,mathematics,12,6986,0.0017177211565989122
2020,math.AP,mathematics,4,6986,0.000572573718866304
2020,math.AT,mathematics,1,6986,0.000143143429716576
2020,math.CO,mathematics,1,6986,0.000143143429716576
2020,math.DG,mathematics,1,6986,0.000143143429716576
2020,math.GM,mathematics,2,6986,0.000286286859433152
2020,math.NA,mathematics,1,6986,0.000143143429716576
2020,math.PR,mathematics,1,6986,0.000143143429716576
2020,math.ST,mathematics,1,6986,0.000143143429716576
2020,nlin.CD,nonlinear sciences,2,6986,0.000286286859433152
2020,nlin.PS,nonlinear sciences,2,6986,0.000286286859433152
2020,nucl-ex,nuclear physics,23,6986,0.003292298883481248
2020,nucl-th,nuclear physics,35,6986,0.00501002004008016
2020,physics.acc-ph,physics,9,6986,0.001288290867449184
2020,physics.app-ph,physics,7,6986,0.001002004008016032
2020,physics.atom-ph,physics,45,6986,0.0064414543372459205
2020,physics.chem-ph,physics,3,6986,0.00042943028914972805
2020,physics.class-ph,physics,2,6986,0.000286286859433152
2020,physics.comp-ph,physics,10,6986,0.0014314342971657602
2020,physics.data-an,physics,5,6986,0.0007157171485828801
2020,physics.ed-ph,physics,8,6986,0.001145147437732608
2020,physics.flu-dyn,physics,2,6986,0.000286286859433152
2020,physics.gen-ph,physics,91,6986,0.013026052104208416
2020,physics.hist-ph,physics,19,6986,0.002719725164614944
2020,physics.ins-det,physics,239,6986,0.03421127970226167
2020,physics.optics,physics,10,6986,0.0014314342971657602
2020,physics.plasm-ph,physics,4,6986,0.000572573718866304
2020,physics.pop-ph,physics,14,6986,0.002004008016032064
2020,physics.soc-ph,physics,2,6986,0.000286286859433152
2020,q-bio.BM,quantitative biology,4,6986,0.000572573718866304
2020,q-bio.GN,quantitative biology,3,6986,0.00042943028914972805
2020,q-bio.MN,quantitative biology,1,6986,0.000143143429716576
2020,q-bio.NC,quantitative biology,1,6986,0.000143143429716576
2020,q-bio.OT,quantitative biology,1,6986,0.000143143429716576
2020,q-bio.PE,quantitative biology,3,6986,0.00042943028914972805
2020,q-bio.QM,quantitative biology,1,6986,0.000143143429716576
2020,quant-ph,quantum physics,48,6986,0.006870884626395649
2020,stat.CO,statistics,3,6986,0.00042943028914972805
2020,stat.ME,statistics,3,6986,0.00042943028914972805
2020,stat.ML,statistics,3,6986,0.00042943028914972805
2021,astro-ph.CO,astrophysics,1524,7340,0.20762942779291554
2021,astro-ph.EP,astrophysics,14,7340,0.0019073569482288828
2021,astro-ph.GA,astrophysics,1384,7340,0.1885558583106267
2021,astro-ph.HE,astrophysics,344,7340,0.046866485013623976
2021,astro-ph.IM,astrophysics,151,7340,0.020572207084468663
2021,astro-ph.SR,astrophysics,51,7340,0.006948228882833788
2021,cond-mat.mes-hall,condensed matter,13,7340,0.001771117166212534
2021,cond-mat.mtrl-sci,condensed matter,11,7340,0.0014986376021798365
2021,cond-mat.other,condensed matter,5,7340,0.0006811989100817438
2021,cond-mat.quant-gas,condensed matter,6,7340,0.0008174386920980927
2021,cond-mat.soft,condensed matter,2,7340,0.00027247956403269756
2021,cond-mat.stat-mech,condensed matter,4,7340,0.0005449591280653951
2021,cond-mat.str-el,condensed matter,5,7340,0.0006811989100817438
2021,cond-mat.supr-con,condensed matter,7,7340,0.0009536784741144414
2021,cs.AI,computer science,7,7340,0.0009536784741144414
2021,cs.AR,computer science,3,7340,0.00040871934604904634
2021,cs.CG,computer science,1,7340,0.00013623978201634878
2021,cs.CL,computer science,9,7340,0.001226158038147139
2021,cs.CR,computer science,1,7340,0.00013623978201634878
2021,cs.CV,computer science,11,7340,0.0014986376021798365
2021,cs.CY,computer science,5,7340,0.0006811989100817438
2021,cs.DB,computer science,1,7340,0.00013623978201634878
2021,cs.DC,computer science,5,7340,0.0006811989100817438
2021,cs.DL,computer science,1,7340,0.00013623978201634878
2021,cs.ET,computer science,1,7340,0.00013623978201634878
2021,cs.GR,computer science,2,7340,0.00027247956403269756
2021,cs.HC,computer science,3,7340,0.00040871934604904634
2021,cs.IR,computer science,1,7340,0.00013623978201634878
2021,cs.IT,computer science,2,7340,0.00027247956403269756
2021,cs.LG,computer science,17,7340,0.002316076294277929
2021,cs.MA,computer science,1,7340,0.00013623978201634878
2021,cs.NE,computer science,1,7340,0.00013623978201634878
2021,cs.NI,computer science,1,7340,0.00013623978201634878
2021,cs.RO,computer science,2,7340,0.00027247956403269756
2021,cs.SD,computer science,1,7340,0.00013623978201634878
2021,cs.SE,computer science,2,7340,0.00027247956403269756
2021,cs.SI,computer science,2,7340,0.00027247956403269756
2021,econ.GN,economics,1,7340,0.00013623978201634878
2021,eess.IV,electrical engineering and systems science,2,7340,0.00027247956403269756
2021,eess.SP,electrical engineering and systems science,1,7340,0.00013623978201634878
2021,gr-qc,general relativity and quantum cosmology,926,7340,0.12615803814713897
2021,hep-ex,high-energy physics,186,7340,0.02534059945504087
2021,hep-lat,high-energy physics,36,7340,0.004904632152588556
2021,hep-ph,high-energy physics,1727,7340,0.23528610354223434
2021,hep-th,high-energy physics,250,7340,0.0340599455040872
2021,math-ph,mathematics,6,7340,0.0008174386920980927
2021,math.AG,mathematics,1,7340,0.00013623978201634878
2021,math.AP,mathematics,9,7340,0.001226158038147139
2021,math.AT,mathematics,1,7340,0.00013623978201634878
2021,math.CA,mathematics,1,7340,0.00013623978201634878
2021,math.DG,mathematics,1,7340,0.00013623978201634878
2021,math.DS,mathematics,2,7340,0.00027247956403269756
2021,math.GM,mathematics,2,7340,0.00027247956403269756
2021,math.GR,mathematics,2,7340,0.00027247956403269756
2021,math.HO,mathematics,1,7340,0.00013623978201634878
2021,math.NA,mathematics,1,7340,0.00013623978201634878
2021,nlin.PS,nonlinear sciences,5,7340,0.0006811989100817438
2021,nucl-ex,nuclear physics,30,7340,0.004087193460490463
2021,nucl-th,nuclear physics,36,7340,0.004904632152588556
2021,physics.acc-ph,physics,7,7340,0.0009536784741144414
2021,physics.ao-ph,physics,1,7340,0.00013623978201634878
2021,physics.app-ph,physics,4,7340,0.0005449591280653951
2021,physics.atom-ph,physics,49,7340,0.00667574931880109
2021,physics.bio-ph,physics,1,7340,0.00013623978201634878
2021,physics.chem-ph,physics,5,7340,0.0006811989100817438
2021,physics.class-ph,physics,1,7340,0.00013623978201634878
2021,physics.comp-ph,physics,7,7340,0.0009536784741144414
2021,physics.data-an,physics,5,7340,0.0006811989100817438
2021,physics.ed-ph,physics,6,7340,0.0008174386920980927
2021,physics.flu-dyn,physics,1,7340,0.00013623978201634878
2021,physics.gen-ph,physics,70,7340,0.009536784741144414
2021,physics.hist-ph,physics,19,7340,0.0025885558583106268
2021,physics.ins-det,physics,191,7340,0.026021798365122615
2021,physics.med-ph,physics,1,7340,0.00013623978201634878
2021,physics.optics,physics,7,7340,0.0009536784741144414
2021,physics.plasm-ph,physics,4,7340,0.0005449591280653951
2021,physics.pop-ph,physics,7,7340,0.0009536784741144414
2021,physics.soc-ph,physics,6,7340,0.0008174386920980927
2021,physics.space-ph,physics,1,7340,0.00013623978201634878
2021,q-bio.BM,quantitative biology,2,7340,0.00027247956403269756
2021,q-bio.GN,quantitative biology,6,7340,0.0008174386920980927
2021,q-bio.NC,quantitative biology,5,7340,0.0006811989100817438
2021,q-bio.PE,quantitative biology,1,7340,0.00013623978201634878
2021,q-bio.QM,quantitative biology,1,7340,0.00013623978201634878
2021,quant-ph,quantum physics,89,7340,0.012125340599455041
2021,stat.AP,statistics,2,7340,0.00027247956403269756
2021,stat.CO,statistics,1,7340,0.00013623978201634878
2021,stat.ME,statistics,5,7340,0.0006811989100817438
2021,stat.ML,statistics,7,7340,0.0009536784741144414
2022,astro-ph.CO,astrophysics,1450,7563,0.19172286129842656
2022,astro-ph.EP,astrophysics,23,7563,0.0030411212481819385
2022,astro-ph.GA,astrophysics,1475,7563,0.19502842787253735
2022,astro-ph.HE,astrophysics,387,7563,0.051170170567235225
2022,astro-ph.IM,astrophysics,166,7563,0.02194896205209573
2022,astro-ph.SR,astrophysics,46,7563,0.006082242496363877
2022,cond-mat.dis-nn,condensed matter,1,7563,0.0001322226629644321
2022,cond-mat.mes-hall,condensed matter,14,7563,0.0018511172815020495
2022,cond-mat.mtrl-sci,condensed matter,4,7563,0.0005288906518577285
2022,cond-mat.other,condensed matter,2,7563,0.0002644453259288642
2022,cond-mat.quant-gas,condensed matter,11,7563,0.0014544492926087532
2022,cond-mat.stat-mech,condensed matter,8,7563,0.001057781303715457
2022,cond-mat.str-el,condensed matter,1,7563,0.0001322226629644321
2022,cond-mat.supr-con,condensed matter,10,7563,0.001322226629644321
2022,cs.AI,computer science,7,7563,0.0009255586407510248
2022,cs.AR,computer science,1,7563,0.0001322226629644321
2022,cs.CE,computer science,2,7563,0.0002644453259288642
2022,cs.CL,computer science,7,7563,0.0009255586407510248
2022,cs.CR,computer science,1,7563,0.0001322226629644321
2022,cs.CV,computer science,10,7563,0.001322226629644321
2022,cs.CY,computer science,10,7563,0.001322226629644321
2022,cs.DC,computer science,6,7563,0.0007933359777865926
2022,cs.GR,computer science,2,7563,0.0002644453259288642
2022,cs.HC,computer science,4,7563,0.0005288906518577285
2022,cs.IR,computer science,1,7563,0.0001322226629644321
2022,cs.LG,computer science,24,7563,0.0031733439111463705
2022,cs.LO,computer science,1,7563,0.0001322226629644321
2022,cs.NE,computer science,1,7563,0.0001322226629644321
2022,cs.SD,computer science,1,7563,0.0001322226629644321
2022,eess.IV,electrical engineering and systems science,3,7563,0.0003966679888932963
2022,gr-qc,general relativity and quantum cosmology,894,7563,0.1182070606902023
2022,hep-ex,high-energy physics,290,7563,0.03834457225968531
2022,hep-lat,high-energy physics,38,7563,0.00502446119264842
2022,hep-ph,high-energy physics,1706,7563,0.22557186301732116
2022,hep-th,high-energy physics,243,7563,0.032130107100357
2022,math-ph,mathematics,10,7563,0.001322226629644321
2022,math.AP,mathematics,2,7563,0.0002644453259288642
2022,math.CO,mathematics,2,7563,0.0002644453259288642
2022,math.DS,mathematics,1,7563,0.0001322226629644321
2022,math.GM,mathematics,1,7563,0.0001322226629644321
2022,math.GR,mathematics,1,7563,0.0001322226629644321
2022,math.NA,mathematics,2,7563,0.0002644453259288642
2022,nlin.PS,nonlinear sciences,4,7563,0.0005288906518577285
2022,nucl-ex,nuclear physics,51,7563,0.006743355811186037
2022,nucl-th,nuclear physics,40,7563,0.005288906518577284
2022,physics.acc-ph,physics,34,7563,0.004495570540790692
2022,physics.app-ph,physics,5,7563,0.0006611133148221605
2022,physics.atom-ph,physics,39,7563,0.005156683855612852
2022,physics.chem-ph,physics,4,7563,0.0005288906518577285
2022,physics.class-ph,physics,4,7563,0.0005288906518577285
2022,physics.comp-ph,physics,6,7563,0.0007933359777865926
2022,physics.data-an,physics,5,7563,0.0006611133148221605
2022,physics.ed-ph,physics,13,7563,0.0017188946185376173
2022,physics.flu-dyn,physics,3,7563,0.0003966679888932963
2022,physics.gen-ph,physics,68,7563,0.008991141081581383
2022,physics.geo-ph,physics,1,7563,0.0001322226629644321
2022,physics.hist-ph,physics,16,7563,0.002115562607430914
2022,physics.ins-det,physics,225,7563,0.029750099166997224
2022,physics.optics,physics,14,7563,0.0018511172815020495
2022,physics.plasm-ph,physics,5,7563,0.0006611133148221605
2022,physics.pop-ph,physics,10,7563,0.001322226629644321
2022,physics.soc-ph,physics,11,7563,0.0014544492926087532
2022,physics.space-ph,physics,2,7563,0.0002644453259288642
2022,q-bio.BM,quantitative biology,1,7563,0.0001322226629644321
2022,q-bio.GN,quantitative biology,3,7563,0.0003966679888932963
2022,q-bio.NC,quantitative biology,3,7563,0.0003966679888932963
2022,q-bio.PE,quantitative biology,2,7563,0.0002644453259288642
2022,q-bio.QM,quantitative biology,1,7563,0.0001322226629644321
2022,quant-ph,quantum physics,115,7563,0.015205606240909691
2022,stat.CO,statistics,1,7563,0.0001322226629644321
2022,stat.ME,statistics,3,7563,0.0003966679888932963
2022,stat.ML,statistics,4,7563,0.0005288906518577285
2022,stat.OT,statistics,1,7563,0.0001322226629644321
2023,astro-ph.CO,astrophysics,1722,8962,0.19214461057799598
2023,astro-ph.EP,astrophysics,25,8962,0.00278955590270029
2023,astro-ph.GA,astrophysics,1746,8962,0.19482258424458826
2023,astro-ph.HE,astrophysics,451,8962,0.05032358848471323
2023,astro-ph.IM,astrophysics,179,8962,0.019973220263334077
2023,astro-ph.SR,astrophysics,50,8962,0.00557911180540058
2023,cond-mat.mes-hall,condensed matter,18,8962,0.002008480249944209
2023,cond-mat.mtrl-sci,condensed matter,12,8962,0.0013389868332961392
2023,cond-mat.other,condensed matter,4,8962,0.0004463289444320464
2023,cond-mat.quant-gas,condensed matter,8,8962,0.0008926578888640928
2023,cond-mat.soft,condensed matter,2,8962,0.0002231644722160232
2023,cond-mat.stat-mech,condensed matter,4,8962,0.0004463289444320464
2023,cond-mat.str-el,condensed matter,7,8962,0.0007810756527560813
2023,cond-mat.supr-con,condensed matter,10,8962,0.0011158223610801161
2023,cs.AI,computer science,8,8962,0.0008926578888640928
2023,cs.CC,computer science,1,8962,0.0001115822361080116
2023,cs.CG,computer science,1,8962,0.0001115822361080116
2023,cs.CL,computer science,15,8962,0.001673733541620174
2023,cs.CR,computer science,1,8962,0.0001115822361080116
2023,cs.CV,computer science,14,8962,0.0015621513055121626
2023,cs.CY,computer science,6,8962,0.0006694934166480696
2023,cs.DB,computer science,1,8962,0.0001115822361080116
2023,cs.DC,computer science,4,8962,0.0004463289444320464
2023,cs.DL,computer science,1,8962,0.0001115822361080116
2023,cs.GL,computer science,1,8962,0.0001115822361080116
2023,cs.GR,computer science,1,8962,0.0001115822361080116
2023,cs.HC,computer science,3,8962,0.0003347467083240348
2023,cs.IR,computer science,1,8962,0.0001115822361080116
2023,cs.IT,computer science,1,8962,0.0001115822361080116
2023,cs.LG,computer science,29,8962,0.0032358848471323366
2023,cs.NI,computer science,1,8962,0.0001115822361080116
2023,cs.PF,computer science,1,8962,0.0001115822361080116
2023,cs.RO,computer science,1,8962,0.0001115822361080116
2023,cs.SE,computer science,6,8962,0.0006694934166480696
2023,cs.SI,computer science,3,8962,0.0003347467083240348
2023,eess.IV,electrical engineering and systems science,3,8962,0.0003347467083240348
2023,eess.SP,electrical engineering and systems science,1,8962,0.0001115822361080116
2023,gr-qc,general relativity and quantum cosmology,1225,8962,0.1366882392323142
2023,hep-ex,high-energy physics,261,8962,0.02912296362419103
2023,hep-lat,high-energy physics,41,8962,0.004574871680428476
2023,hep-ph,high-energy physics,2052,8962,0.22896674849363982
2023,hep-th,high-energy physics,285,8962,0.03180093729078331
2023,math-ph,mathematics,14,8962,0.0015621513055121626
2023,math.AP,mathematics,6,8962,0.0006694934166480696
2023,math.CA,mathematics,2,8962,0.0002231644722160232
2023,math.CO,mathematics,1,8962,0.0001115822361080116
2023,math.DG,mathematics,5,8962,0.0005579111805400581
2023,math.DS,mathematics,1,8962,0.0001115822361080116
2023,math.GM,mathematics,2,8962,0.0002231644722160232
2023,math.HO,mathematics,1,8962,0.0001115822361080116
2023,math.LO,mathematics,1,8962,0.0001115822361080116
2023,math.NA,mathematics,3,8962,0.0003347467083240348
2023,math.OC,mathematics,1,8962,0.0001115822361080116
2023,math.PR,mathematics,1,8962,0.0001115822361080116
2023,math.ST,mathematics,1,8962,0.0001115822361080116
2023,nlin.PS,nonlinear sciences,3,8962,0.0003347467083240348
2023,nlin.SI,nonlinear sciences,1,8962,0.0001115822361080116
2023,nucl-ex,nuclear physics,43,8962,0.004798036152644499
2023,nucl-th,nuclear physics,45,8962,0.005021200624860522
2023,physics.acc-ph,physics,16,8962,0.0017853157777281857
2023,physics.ao-ph,physics,1,8962,0.0001115822361080116
2023,physics.app-ph,physics,8,8962,0.0008926578888640928
2023,physics.atom-ph,physics,75,8962,0.008368667708100871
2023,physics.bio-ph,physics,2,8962,0.0002231644722160232
2023,physics.chem-ph,physics,4,8962,0.0004463289444320464
2023,physics.class-ph,physics,3,8962,0.0003347467083240348
2023,physics.comp-ph,physics,5,8962,0.0005579111805400581
2023,physics.data-an,physics,8,8962,0.0008926578888640928
2023,physics.ed-ph,physics,5,8962,0.0005579111805400581
2023,physics.flu-dyn,physics,4,8962,0.0004463289444320464
2023,physics.gen-ph,physics,63,8962,0.007029680874804731
2023,physics.geo-ph,physics,1,8962,0.0001115822361080116
2023,physics.hist-ph,physics,28,8962,0.003124302611024325
2023,physics.ins-det,physics,173,8962,0.019303726846686006
2023,physics.med-ph,physics,2,8962,0.0002231644722160232
2023,physics.optics,physics,31,8962,0.00345904931934836
2023,physics.plasm-ph,physics,6,8962,0.0006694934166480696
2023,physics.pop-ph,physics,8,8962,0.0008926578888640928
2023,physics.soc-ph,physics,3,8962,0.0003347467083240348
2023,q-bio.BM,quantitative biology,1,8962,0.0001115822361080116
2023,q-bio.GN,quantitative biology,1,8962,0.0001115822361080116
2023,q-bio.MN,quantitative biology,1,8962,0.0001115822361080116
2023,q-bio.NC,quantitative biology,2,8962,0.0002231644722160232
2023,q-bio.PE,quantitative biology,2,8962,0.0002231644722160232
2023,q-bio.QM,quantitative biology,3,8962,0.0003347467083240348
2023,q-fin.MF,quantitative finance,1,8962,0.0001115822361080116
2023,q-fin.PM,quantitative finance,1,8962,0.0001115822361080116
2023,quant-ph,quantum physics,157,8962,0.017518411068957823
2023,stat.AP,statistics,1,8962,0.0001115822361080116
2023,stat.ME,statistics,2,8962,0.0002231644722160232
2023,stat.ML,statistics,7,8962,0.0007810756527560813
2024,astro-ph.CO,astrophysics,2321,11066,0.20974155069582506
2024,astro-ph.EP,astrophysics,21,11066,0.0018977046810048797
2024,astro-ph.GA,astrophysics,2214,11066,0.20007229351165734
2024,astro-ph.HE,astrophysics,525,11066,0.047442617025121994
2024,astro-ph.IM,astrophysics,232,11066,0.020965118380625338
2024,astro-ph.SR,astrophysics,70,11066,0.006325682270016266
2024,cond-mat.dis-nn,condensed matter,1,11066,9.036688957166094e-05
2024,cond-mat.mes-hall,condensed matter,27,11066,0.0024399060184348456
2024,cond-mat.mtrl-sci,condensed matter,14,11066,0.0012651364540032532
2024,cond-mat.other,condensed matter,5,11066,0.0004518344478583047
2024,cond-mat.quant-gas,condensed matter,15,11066,0.001355503343574914
2024,cond-mat.stat-mech,condensed matter,8,11066,0.0007229351165732876
2024,cond-mat.str-el,condensed matter,11,11066,0.0009940357852882703
2024,cond-mat.supr-con,condensed matter,12,11066,0.0010844026748599313
2024,cs.AI,computer science,8,11066,0.0007229351165732876
2024,cs.AR,computer science,2,11066,0.0001807337791433219
2024,cs.CG,computer science,1,11066,9.036688957166094e-05
2024,cs.CL,computer science,25,11066,0.0022591722392915235
2024,cs.CR,computer science,3,11066,0.00027110066871498283
2024,cs.CV,computer science,14,11066,0.0012651364540032532
2024,cs.CY,computer science,7,11066,0.0006325682270016266
2024,cs.DB,computer science,1,11066,9.036688957166094e-05
2024,cs.DC,computer science,13,11066,0.0011747695644315922
2024,cs.DL,computer science,3,11066,0.00027110066871498283
2024,cs.GR,computer science,1,11066,9.036688957166094e-05
2024,cs.HC,computer science,3,11066,0.00027110066871498283
2024,cs.IR,computer science,1,11066,9.036688957166094e-05
2024,cs.IT,computer science,4,11066,0.0003614675582866438
2024,cs.LG,computer science,25,11066,0.0022591722392915235
2024,cs.MA,computer science,1,11066,9.036688957166094e-05
2024,cs.NA,computer science,2,11066,0.0001807337791433219
2024,cs.NE,computer science,2,11066,0.0001807337791433219
2024,cs.NI,computer science,1,11066,9.036688957166094e-05
2024,cs.PF,computer science,1,11066,9.036688957166094e-05
2024,cs.PL,computer science,1,11066,9.036688957166094e-05
2024,cs.RO,computer science,2,11066,0.0001807337791433219
2024,cs.SD,computer science,2,11066,0.0001807337791433219
2024,cs.SE,computer science,2,11066,0.0001807337791433219
2024,econ.GN,economics,1,11066,9.036688957166094e-05
2024,econ.TH,economics,1,11066,9.036688957166094e-05
2024,eess.IV,electrical engineering and systems science,2,11066,0.0001807337791433219
2024,eess.SY,electrical engineering and systems science,1,11066,9.036688957166094e-05
2024,gr-qc,general relativity and quantum cosmology,1577,11066,0.14250858485450932
2024,hep-ex,high-energy physics,337,11066,0.030453641785649736
2024,hep-lat,high-energy physics,43,11066,0.0038857762515814207
2024,hep-ph,high-energy physics,2293,11066,0.20721127778781853
2024,hep-th,high-energy physics,357,11066,0.03226097957708296
2024,math-ph,mathematics,13,11066,0.0011747695644315922
2024,math.AP,mathematics,8,11066,0.0007229351165732876
2024,math.AT,mathematics,2,11066,0.0001807337791433219
2024,math.CA,mathematics,1,11066,9.036688957166094e-05
2024,math.CV,mathematics,1,11066,9.036688957166094e-05
2024,math.DG,mathematics,2,11066,0.0001807337791433219
2024,math.DS,mathematics,1,11066,9.036688957166094e-05
2024,math.NA,mathematics,3,11066,0.00027110066871498283
2024,math.OC,mathematics,2,11066,0.0001807337791433219
2024,math.PR,mathematics,2,11066,0.0001807337791433219
2024,math.QA,mathematics,1,11066,9.036688957166094e-05
2024,math.RA,mathematics,1,11066,9.036688957166094e-05
2024,nlin.CD,nonlinear sciences,2,11066,0.0001807337791433219
2024,nlin.PS,nonlinear sciences,2,11066,0.0001807337791433219
2024,nlin.SI,nonlinear sciences,2,11066,0.0001807337791433219
2024,nucl-ex,nuclear physics,34,11066,0.003072474245436472
2024,nucl-th,nuclear physics,63,11066,0.00569311404301464
2024,physics.acc-ph,physics,11,11066,0.0009940357852882703
2024,physics.app-ph,physics,10,11066,0.0009036688957166094
2024,physics.atom-ph,physics,71,11066,0.006416049159587927
2024,physics.bio-ph,physics,1,11066,9.036688957166094e-05
2024,physics.chem-ph,physics,6,11066,0.0005422013374299657
2024,physics.class-ph,physics,2,11066,0.0001807337791433219
2024,physics.comp-ph,physics,3,11066,0.00027110066871498283
2024,physics.data-an,physics,8,11066,0.0007229351165732876
2024,physics.ed-ph,physics,9,11066,0.0008133020061449485
2024,physics.flu-dyn,physics,1,11066,9.036688957166094e-05
2024,physics.gen-ph,physics,63,11066,0.00569311404301464
2024,physics.geo-ph,physics,1,11066,9.036688957166094e-05
2024,physics.hist-ph,physics,22,11066,0.0019880715705765406
2024,physics.ins-det,physics,216,11066,0.019519248147478765
2024,physics.med-ph,physics,2,11066,0.0001807337791433219
2024,physics.optics,physics,32,11066,0.00289174046629315
2024,physics.plasm-ph,physics,3,11066,0.00027110066871498283
2024,physics.pop-ph,physics,6,11066,0.0005422013374299657
2024,physics.soc-ph,physics,7,11066,0.0006325682270016266
2024,physics.space-ph,physics,2,11066,0.0001807337791433219
2024,q-bio.BM,quantitative biology,4,11066,0.0003614675582866438
2024,q-bio.GN,quantitative biology,4,11066,0.0003614675582866438
2024,q-bio.NC,quantitative biology,5,11066,0.0004518344478583047
2024,q-bio.PE,quantitative biology,1,11066,9.036688957166094e-05
2024,q-bio.QM,quantitative biology,8,11066,0.0007229351165732876
2024,q-fin.CP,quantitative finance,1,11066,9.036688957166094e-05
2024,quant-ph,quantum physics,197,11066,0.017802277245617205
2024,stat.AP,statistics,1,11066,9.036688957166094e-05
2024,stat.CO,statistics,2,11066,0.0001807337791433219
2024,stat.ME,statistics,2,11066,0.0001807337791433219
2024,stat.ML,statistics,12,11066,0.0010844026748599313
2025,astro-ph.CO,astrophysics,2792,12786,0.218363835445018
2025,astro-ph.EP,astrophysics,23,12786,0.0017988424839668388
2025,astro-ph.GA,astrophysics,2445,12786,0.19122477709995309
2025,astro-ph.HE,astrophysics,641,12786,0.05013295792272798
2025,astro-ph.IM,astrophysics,261,12786,0.02041295166588456
2025,astro-ph.SR,astrophysics,64,12786,0.005005474737994682
2025,cond-mat.dis-nn,condensed matter,1,12786,7.821054278116691e-05
2025,cond-mat.mes-hall,condensed matter,24,12786,0.0018770530267480056
2025,cond-mat.mtrl-sci,condensed matter,19,12786,0.0014860003128421711
2025,cond-mat.other,condensed matter,3,12786,0.0002346316283435007
2025,cond-mat.quant-gas,condensed matter,17,12786,0.0013295792272798373
2025,cond-mat.soft,condensed matter,1,12786,7.821054278116691e-05
2025,cond-mat.stat-mech,condensed matter,7,12786,0.0005474737994681684
2025,cond-mat.str-el,condensed matter,10,12786,0.000782105427811669
2025,cond-mat.supr-con,condensed matter,17,12786,0.0013295792272798373
2025,cs.AI,computer science,14,12786,0.0010949475989363367
2025,cs.AR,computer science,1,12786,7.821054278116691e-05
2025,cs.CE,computer science,1,12786,7.821054278116691e-05
2025,cs.CG,computer science,1,12786,7.821054278116691e-05
2025,cs.CL,computer science,17,12786,0.0013295792272798373
2025,cs.CR,computer science,5,12786,0.0003910527139058345
2025,cs.CV,computer science,16,12786,0.0012513686844986705
2025,cs.CY,computer science,10,12786,0.000782105427811669
2025,cs.DC,computer science,8,12786,0.0006256843422493353
2025,cs.ET,computer science,2,12786,0.00015642108556233381
2025,cs.GR,computer science,3,12786,0.0002346316283435007
2025,cs.HC,computer science,6,12786,0.0004692632566870014
2025,cs.IR,computer science,2,12786,0.00015642108556233381
2025,cs.LG,computer science,10,12786,0.000782105427811669
2025,cs.NA,computer science,3,12786,0.0002346316283435007
2025,cs.NE,computer science,1,12786,7.821054278116691e-05
2025,cs.RO,computer science,2,12786,0.00015642108556233381
2025,cs.SE,computer science,5,12786,0.0003910527139058345
2025,cs.SY,computer science,1,12786,7.821054278116691e-05
2025,eess.IV,electrical engineering and systems science,2,12786,0.00015642108556233381
2025,eess.SP,electrical engineering and systems science,2,12786,0.00015642108556233381
2025,eess.SY,electrical engineering and systems science,2,12786,0.00015642108556233381
2025,gr-qc,general relativity and quantum cosmology,1874,12786,0.14656655717190678
2025,hep-ex,high-energy physics,435,12786,0.0340215861098076
2025,hep-lat,high-energy physics,50,12786,0.003910527139058345
2025,hep-ph,high-energy physics,2606,12786,0.20381667448772095
2025,hep-th,high-energy physics,335,12786,0.026200531831690913
2025,math-ph,mathematics,18,12786,0.0014077897700610043
2025,math.AP,mathematics,9,12786,0.0007038948850305022
2025,math.DG,mathematics,5,12786,0.0003910527139058345
2025,math.IT,mathematics,1,12786,7.821054278116691e-05
2025,math.PR,mathematics,1,12786,7.821054278116691e-05
2025,nlin.CD,nonlinear sciences,2,12786,0.00015642108556233381
2025,nlin.PS,nonlinear sciences,1,12786,7.821054278116691e-05
2025,nucl-ex,nuclear physics,72,12786,0.005631159080244017
2025,nucl-th,nuclear physics,70,12786,0.005474737994681683
2025,physics.acc-ph,physics,11,12786,0.0008603159705928359
2025,physics.app-ph,physics,11,12786,0.0008603159705928359
2025,physics.atm-clus,physics,1,12786,7.821054278116691e-05
2025,physics.atom-ph,physics,93,12786,0.007273580478648522
2025,physics.bio-ph,physics,1,12786,7.821054278116691e-05
2025,physics.chem-ph,physics,6,12786,0.0004692632566870014
2025,physics.class-ph,physics,9,12786,0.0007038948850305022
2025,physics.comp-ph,physics,7,12786,0.0005474737994681684
2025,physics.data-an,physics,7,12786,0.0005474737994681684
2025,physics.ed-ph,physics,10,12786,0.000782105427811669
2025,physics.flu-dyn,physics,3,12786,0.0002346316283435007
2025,physics.gen-ph,physics,57,12786,0.004458000938526514
2025,physics.geo-ph,physics,1,12786,7.821054278116691e-05
2025,physics.hist-ph,physics,35,12786,0.0027373689973408414
2025,physics.ins-det,physics,250,12786,0.019552635695291726
2025,physics.med-ph,physics,1,12786,7.821054278116691e-05
2025,physics.optics,physics,39,12786,0.003050211168465509
2025,physics.plasm-ph,physics,19,12786,0.0014860003128421711
2025,physics.pop-ph,physics,2,12786,0.00015642108556233381
2025,physics.soc-ph,physics,3,12786,0.0002346316283435007
2025,q-bio.BM,quantitative biology,4,12786,0.00031284217112466763
2025,q-bio.GN,quantitative biology,3,12786,0.0002346316283435007
2025,q-bio.MN,quantitative biology,1,12786,7.821054278116691e-05
2025,q-bio.NC,quantitative biology,3,12786,0.0002346316283435007
2025,q-bio.PE,quantitative biology,2,12786,0.00015642108556233381
2025,q-bio.QM,quantitative biology,3,12786,0.0002346316283435007
2025,quant-ph,quantum physics,233,12786,0.018223056468011888
2025,stat.AP,statistics,3,12786,0.0002346316283435007
2025,stat.ME,statistics,3,12786,0.0002346316283435007
2025,stat.ML,statistics,47,12786,0.0036758955107148443
