year,arxiv_category,assignment,value,n_classified,share
1972,astrophysics,primary,1.0,1,1.0
1989,astrophysics,primary,1.0,1,1.0
1990,high-energy physics,primary,1.0,1,1.0
1991,high-energy physics,primary,3.0,3,1.0
1992,astrophysics,primary,12.0,47,0.2553191489361702
1992,condensed matter,primary,1.0,47,0.02127659574468085
1992,general relativity and quantum cosmology,primary,2.0,47,0.0425531914893617
1992,high-energy physics,primary,32.0,47,0.6808510638297872
1993,astrophysics,primary,97.0,229,0.42358078602620086
1993,computer science,primary,1.0,229,0.004366812227074236
1993,condensed matter,primary,1.0,229,0.004366812227074236
1993,general relativity and quantum cosmology,primary,9.0,229,0.039301310043668124
1993,high-energy physics,primary,121.0,229,0.5283842794759825
1994,astrophysics,primary,318.0,475,0.6694736842105263
1994,condensed matter,primary,1.0,475,0.002105263157894737
1994,general relativity and quantum cosmology,primary,20.0,475,0.042105263157894736
1994,high-energy physics,primary,131.0,475,0.27578947368421053
1994,mathematics,primary,1.0,475,0.002105263157894737
1994,nuclear physics,primary,4.0,475,0.008421052631578947
1995,astrophysics,primary,472.0,710,0.6647887323943662
1995,condensed matter,primary,2.0,710,0.0028169014084507044
1995,general relativity and quantum cosmology,primary,20.0,710,0.028169014084507043
1995,high-energy physics,primary,212.0,710,0.29859154929577464
1995,nuclear physics,primary,4.0,710,0.005633802816901409
1996,astrophysics,primary,659.0,917,0.7186477644492911
1996,condensed matter,primary,1.0,917,0.0010905125408942203
1996,general relativity and quantum cosmology,primary,33.0,917,0.03598691384950927
1996,high-energy physics,primary,219.0,917,0.23882224645583425
1996,nonlinear sciences,primary,1.0,917,0.0010905125408942203
1996,nuclear physics,primary,2.0,917,0.0021810250817884407
1996,quantum physics,primary,2.0,917,0.0021810250817884407
1997,astrophysics,primary,815.0,1107,0.7362240289069557
1997,condensed matter,primary,1.0,1107,0.0009033423667570009
1997,general relativity and quantum cosmology,primary,40.0,1107,0.036133694670280034
1997,high-energy physics,primary,234.0,1107,0.21138211382113822
1997,mathematics,primary,1.0,1107,0.0009033423667570009
1997,nuclear physics,primary,2.0,1107,0.0018066847335140017
1997,physics,primary,13.0,1107,0.011743450767841012
1997,quantum physics,primary,1.0,1107,0.0009033423667570009
1998,astrophysics,primary,993.0,1403,0.7077690662865289
1998,condensed matter,primary,2.0,1403,0.0014255167498218105
1998,general relativity and quantum cosmology,primary,53.0,1403,0.037776193870277974
1998,high-energy physics,primary,342.0,1403,0.24376336421952957
1998,nuclear physics,primary,4.0,1403,0.002851033499643621
1998,physics,primary,7.0,1403,0.004989308624376337
1998,quantum physics,primary,2.0,1403,0.0014255167498218105
1999,astrophysics,primary,1205.0,1680,0.7172619047619048
1999,condensed matter,primary,3.0,1680,0.0017857142857142857
1999,general relativity and quantum cosmology,primary,63.0,1680,0.0375
1999,high-energy physics,primary,382.0,1680,0.22738095238095238
1999,mathematics,primary,1.0,1680,0.0005952380952380953
1999,nonlinear sciences,primary,1.0,1680,0.0005952380952380953
1999,nuclear physics,primary,6.0,1680,0.0035714285714285713
1999,physics,primary,15.0,1680,0.008928571428571428
1999,quantum physics,primary,4.0,1680,0.002380952380952381
2000,astrophysics,primary,1199.0,1657,0.7235968617984309
2000,condensed matter,primary,4.0,1657,0.0024140012070006035
2000,general relativity and quantum cosmology,primary,74.0,1657,0.04465902232951117
2000,high-energy physics,primary,350.0,1657,0.2112251056125528
2000,mathematics,primary,2.0,1657,0.0012070006035003018
2000,nonlinear sciences,primary,1.0,1657,0.0006035003017501509
2000,nuclear physics,primary,6.0,1657,0.003621001810500905
2000,physics,primary,18.0,1657,0.010863005431502716
2000,quantum physics,primary,3.0,1657,0.0018105009052504525
2001,astrophysics,primary,1507.0,2068,0.7287234042553191
2001,condensed matter,primary,2.0,2068,0.0009671179883945841
2001,general relativity and quantum cosmology,primary,79.0,2068,0.03820116054158607
2001,high-energy physics,primary,439.0,2068,0.2122823984526112
2001,nonlinear sciences,primary,3.0,2068,0.0014506769825918763
2001,nuclear physics,primary,8.0,2068,0.0038684719535783366
2001,physics,primary,24.0,2068,0.01160541586073501
2001,quantum physics,primary,6.0,2068,0.0029013539651837525
2002,astrophysics,primary,1438.0,2010,0.7154228855721393
2002,computer science,primary,3.0,2010,0.0014925373134328358
2002,condensed matter,primary,6.0,2010,0.0029850746268656717
2002,general relativity and quantum cosmology,primary,80.0,2010,0.03980099502487562
2002,high-energy physics,primary,452.0,2010,0.22487562189054727
2002,mathematics,primary,1.0,2010,0.0004975124378109452
2002,nuclear physics,primary,6.0,2010,0.0029850746268656717
2002,physics,primary,20.0,2010,0.009950248756218905
2002,quantum physics,primary,4.0,2010,0.001990049751243781
2003,astrophysics,primary,1660.0,2238,0.741733690795353
2003,condensed matter,primary,6.0,2238,0.002680965147453083
2003,general relativity and quantum cosmology,primary,109.0,2238,0.04870420017873101
2003,high-energy physics,primary,421.0,2238,0.18811438784629134
2003,mathematics,primary,2.0,2238,0.0008936550491510277
2003,nuclear physics,primary,9.0,2238,0.004021447721179625
2003,physics,primary,28.0,2238,0.012511170688114389
2003,quantitative biology,primary,1.0,2238,0.00044682752457551384
2003,quantum physics,primary,2.0,2238,0.0008936550491510277
2004,astrophysics,primary,1894.0,2606,0.7267843438219493
2004,computer science,primary,2.0,2606,0.0007674597083653108
2004,condensed matter,primary,13.0,2606,0.0049884881043745204
2004,general relativity and quantum cosmology,primary,124.0,2606,0.047582501918649274
2004,high-energy physics,primary,508.0,2606,0.19493476592478895
2004,mathematics,primary,8.0,2606,0.0030698388334612432
2004,nonlinear sciences,primary,1.0,2606,0.0003837298541826554
2004,nuclear physics,primary,9.0,2606,0.0034535686876438986
2004,physics,primary,43.0,2606,0.01650038372985418
2004,quantitative biology,primary,1.0,2606,0.0003837298541826554
2004,quantum physics,primary,3.0,2606,0.0011511895625479663
2005,astrophysics,primary,1821.0,2653,0.6863927629099134
2005,condensed matter,primary,11.0,2653,0.0041462495288352805
2005,general relativity and quantum cosmology,primary,135.0,2653,0.05088578967206935
2005,high-energy physics,primary,589.0,2653,0.22201281568036185
2005,mathematics,primary,8.0,2653,0.003015454202789295
2005,nonlinear sciences,primary,3.0,2653,0.0011307953260459858
2005,nuclear physics,primary,7.0,2653,0.002638522427440633
2005,physics,primary,70.0,2653,0.026385224274406333
2005,quantitative biology,primary,1.0,2653,0.0003769317753486619
2005,quantum physics,primary,8.0,2653,0.003015454202789295
2006,astrophysics,primary,2075.0,3064,0.6772193211488251
2006,computer science,primary,1.0,3064,0.00032637075718015666
2006,condensed matter,primary,14.0,3064,0.0045691906005221935
2006,general relativity and quantum cosmology,primary,202.0,3064,0.06592689295039164
2006,high-energy physics,primary,677.0,3064,0.22095300261096606
2006,mathematics,primary,5.0,3064,0.0016318537859007832
2006,nuclear physics,primary,14.0,3064,0.0045691906005221935
2006,physics,primary,69.0,3064,0.02251958224543081
2006,quantitative biology,primary,1.0,3064,0.00032637075718015666
2006,quantum physics,primary,6.0,3064,0.0019582245430809398
2007,astrophysics,primary,2010.0,3267,0.6152433425160698
2007,computer science,primary,1.0,3267,0.00030609121518212427
2007,condensed matter,primary,16.0,3267,0.004897459442913988
2007,general relativity and quantum cosmology,primary,239.0,3267,0.0731558004285277
2007,high-energy physics,primary,851.0,3267,0.26048362411998777
2007,mathematics,primary,15.0,3267,0.004591368227731864
2007,nonlinear sciences,primary,2.0,3267,0.0006121824303642485
2007,nuclear physics,primary,19.0,3267,0.0058157330884603614
2007,physics,primary,103.0,3267,0.0315273951637588
2007,quantitative biology,primary,4.0,3267,0.001224364860728497
2007,quantum physics,primary,7.0,3267,0.0021426385062748698
2008,astrophysics,primary,2265.0,3670,0.6171662125340599
2008,computer science,primary,5.0,3670,0.0013623978201634877
2008,condensed matter,primary,12.0,3670,0.0032697547683923707
2008,general relativity and quantum cosmology,primary,316.0,3670,0.08610354223433242
2008,high-energy physics,primary,921.0,3670,0.2509536784741144
2008,mathematics,primary,6.0,3670,0.0016348773841961854
2008,nonlinear sciences,primary,5.0,3670,0.0013623978201634877
2008,nuclear physics,primary,21.0,3670,0.005722070844686649
2008,physics,primary,114.0,3670,0.03106267029972752
2008,quantum physics,primary,4.0,3670,0.0010899182561307902
2008,statistics,primary,1.0,3670,0.00027247956403269756
2009,astrophysics,primary,2607.0,4265,0.6112543962485346
2009,computer science,primary,1.0,4265,0.00023446658851113716
2009,condensed matter,primary,12.0,4265,0.002813599062133646
2009,general relativity and quantum cosmology,primary,319.0,4265,0.07479484173505276
2009,high-energy physics,primary,1123.0,4265,0.26330597889800705
2009,mathematics,primary,15.0,4265,0.0035169988276670576
2009,nuclear physics,primary,27.0,4265,0.006330597889800703
2009,physics,primary,144.0,4265,0.03376318874560375
2009,quantitative biology,primary,1.0,4265,0.00023446658851113716
2009,quantum physics,primary,12.0,4265,0.002813599062133646
2009,statistics,primary,4.0,4265,0.0009378663540445487
2010,astrophysics,primary,2463.0,4221,0.5835110163468372
2010,computer science,primary,6.0,4221,0.0014214641080312722
2010,condensed matter,primary,18.0,4221,0.0042643923240938165
2010,general relativity and quantum cosmology,primary,346.0,4221,0.08197109689647003
2010,high-energy physics,primary,1176.0,4221,0.27860696517412936
2010,mathematics,primary,17.0,4221,0.0040274816394219376
2010,nonlinear sciences,primary,3.0,4221,0.0007107320540156361
2010,nuclear physics,primary,27.0,4221,0.006396588486140725
2010,physics,primary,152.0,4221,0.036010424070125564
2010,quantum physics,primary,12.0,4221,0.0028429282160625444
2010,statistics,primary,1.0,4221,0.00023691068467187872
2011,astrophysics,primary,2573.0,4427,0.581206234470296
2011,computer science,primary,6.0,4427,0.0013553196295459679
2011,condensed matter,primary,13.0,4427,0.0029365258640162636
2011,general relativity and quantum cosmology,primary,370.0,4427,0.08357804382200136
2011,high-energy physics,primary,1192.0,4427,0.269256833069799
2011,mathematics,primary,23.0,4427,0.005195391913259544
2011,nuclear physics,primary,29.0,4427,0.006550711542805511
2011,physics,primary,208.0,4427,0.04698441382426022
2011,quantitative biology,primary,3.0,4427,0.0006776598147729839
2011,quantum physics,primary,8.0,4427,0.0018070928393946238
2011,statistics,primary,2.0,4427,0.00045177320984865596
2012,astrophysics,primary,2810.0,5054,0.55599525128611
2012,computer science,primary,11.0,5054,0.0021764938662445586
2012,condensed matter,primary,21.0,5054,0.004155124653739612
2012,general relativity and quantum cosmology,primary,429.0,5054,0.08488326078353779
2012,high-energy physics,primary,1455.0,5054,0.2878907795805303
2012,mathematics,primary,24.0,5054,0.004748713889988128
2012,nonlinear sciences,primary,3.0,5054,0.000593589236248516
2012,nuclear physics,primary,34.0,5054,0.006727344677483181
2012,physics,primary,253.0,5054,0.05005935892362485
2012,quantitative biology,primary,6.0,5054,0.001187178472497032
2012,quantum physics,primary,5.0,5054,0.0009893153937475267
2012,statistics,primary,3.0,5054,0.000593589236248516
2013,astrophysics,primary,2748.0,5028,0.5465393794749404
2013,computer science,primary,7.0,5028,0.0013922036595067622
2013,condensed matter,primary,14.0,5028,0.0027844073190135244
2013,general relativity and quantum cosmology,primary,421.0,5028,0.08373110580747813
2013,high-energy physics,primary,1465.0,5028,0.2913683373110581
2013,mathematics,primary,15.0,5028,0.0029832935560859188
2013,nonlinear sciences,primary,3.0,5028,0.0005966587112171838
2013,nuclear physics,primary,24.0,5028,0.00477326968973747
2013,physics,primary,307.0,5028,0.06105807478122514
2013,quantitative biology,primary,7.0,5028,0.0013922036595067622
2013,quantum physics,primary,11.0,5028,0.0021877486077963404
2013,statistics,primary,6.0,5028,0.0011933174224343676
2014,astrophysics,primary,2804.0,5110,0.5487279843444227
2014,computer science,primary,11.0,5110,0.002152641878669276
2014,condensed matter,primary,16.0,5110,0.0031311154598825833
2014,general relativity and quantum cosmology,primary,456.0,5110,0.08923679060665363
2014,high-energy physics,primary,1531.0,5110,0.2996086105675147
2014,mathematics,primary,19.0,5110,0.0037181996086105675
2014,nonlinear sciences,primary,3.0,5110,0.0005870841487279843
2014,nuclear physics,primary,26.0,5110,0.005088062622309198
2014,physics,primary,219.0,5110,0.04285714285714286
2014,quantitative biology,primary,5.0,5110,0.0009784735812133072
2014,quantitative finance,primary,1.0,5110,0.00019569471624266145
2014,quantum physics,primary,13.0,5110,0.002544031311154599
2014,statistics,primary,6.0,5110,0.0011741682974559687
2015,astrophysics,primary,2937.0,5685,0.516622691292876
2015,computer science,primary,16.0,5685,0.002814423922603342
2015,condensed matter,primary,14.0,5685,0.0024626209322779246
2015,general relativity and quantum cosmology,primary,611.0,5685,0.10747581354441513
2015,high-energy physics,primary,1696.0,5685,0.29832893579595426
2015,mathematics,primary,18.0,5685,0.0031662269129287598
2015,nonlinear sciences,primary,3.0,5685,0.0005277044854881266
2015,nuclear physics,primary,33.0,5685,0.005804749340369393
2015,physics,primary,335.0,5685,0.058927000879507474
2015,quantitative biology,primary,4.0,5685,0.0007036059806508355
2015,quantum physics,primary,14.0,5685,0.0024626209322779246
2015,statistics,primary,4.0,5685,0.0007036059806508355
2016,astrophysics,primary,2952.0,5806,0.5084395452979676
2016,computer science,primary,23.0,5806,0.003961419221495005
2016,condensed matter,primary,20.0,5806,0.003444712366517396
2016,general relativity and quantum cosmology,primary,622.0,5806,0.107130554598691
2016,high-energy physics,primary,1798.0,5806,0.30967964174991386
2016,mathematics,primary,23.0,5806,0.003961419221495005
2016,nonlinear sciences,primary,4.0,5806,0.0006889424733034792
2016,nuclear physics,primary,27.0,5806,0.004650361694798484
2016,physics,primary,299.0,5806,0.05149844987943507
2016,quantitative biology,primary,8.0,5806,0.0013778849466069584
2016,quantitative finance,primary,2.0,5806,0.0003444712366517396
2016,quantum physics,primary,21.0,5806,0.0036169479848432657
2016,statistics,primary,7.0,5806,0.0012056493282810886
2017,astrophysics,primary,3118.0,5931,0.5257123587927837
2017,computer science,primary,28.0,5931,0.004720957679986511
2017,condensed matter,primary,26.0,5931,0.004383746417130332
2017,general relativity and quantum cosmology,primary,608.0,5931,0.10251222390827854
2017,high-energy physics,primary,1708.0,5931,0.2879784184791772
2017,mathematics,primary,24.0,5931,0.004046535154274153
2017,nonlinear sciences,primary,1.0,5931,0.0001686056314280897
2017,nuclear physics,primary,34.0,5931,0.005732591468555049
2017,physics,primary,337.0,5931,0.056820097791266226
2017,quantitative biology,primary,7.0,5931,0.0011802394199966278
2017,quantum physics,primary,30.0,5931,0.005058168942842691
2017,statistics,primary,10.0,5931,0.001686056314280897
2018,astrophysics,primary,3283.0,6475,0.5070270270270271
2018,computer science,primary,32.0,6475,0.004942084942084942
2018,condensed matter,primary,23.0,6475,0.003552123552123552
2018,general relativity and quantum cosmology,primary,720.0,6475,0.11119691119691119
2018,high-energy physics,primary,1896.0,6475,0.2928185328185328
2018,mathematics,primary,19.0,6475,0.0029343629343629345
2018,nonlinear sciences,primary,2.0,6475,0.0003088803088803089
2018,nuclear physics,primary,41.0,6475,0.006332046332046332
2018,physics,primary,422.0,6475,0.06517374517374518
2018,quantitative biology,primary,7.0,6475,0.001081081081081081
2018,quantitative finance,primary,2.0,6475,0.0003088803088803089
2018,quantum physics,primary,17.0,6475,0.0026254826254826255
2018,statistics,primary,11.0,6475,0.001698841698841699
2019,astrophysics,primary,3673.0,6878,0.5340215178831056
2019,computer science,primary,51.0,6878,0.007414946205292236
2019,condensed matter,primary,39.0,6878,0.005670252980517592
2019,electrical engineering and systems science,primary,3.0,6878,0.00043617330619366096
2019,general relativity and quantum cosmology,primary,761.0,6878,0.11064262867112533
2019,high-energy physics,primary,1815.0,6878,0.26388485024716485
2019,mathematics,primary,14.0,6878,0.002035475428903751
2019,nonlinear sciences,primary,5.0,6878,0.0007269555103227683
2019,nuclear physics,primary,54.0,6878,0.007851119511485897
2019,physics,primary,411.0,6878,0.05975574294853155
2019,quantitative biology,primary,5.0,6878,0.0007269555103227683
2019,quantum physics,primary,36.0,6878,0.005234079674323932
2019,statistics,primary,11.0,6878,0.00159930212271009
2020,astrophysics,primary,3466.0,6986,0.4961351273976524
2020,computer science,primary,59.0,6986,0.008445462353277984
2020,condensed matter,primary,43.0,6986,0.006155167477812768
2020,general relativity and quantum cosmology,primary,911.0,6986,0.13040366447180074
2020,high-energy physics,primary,1880.0,6986,0.2691096478671629
2020,mathematics,primary,24.0,6986,0.0034354423131978244
2020,nonlinear sciences,primary,4.0,6986,0.000572573718866304
2020,nuclear physics,primary,58.0,6986,0.00830231892356141
2020,physics,primary,470.0,6986,0.06727741196679073
2020,quantitative biology,primary,14.0,6986,0.002004008016032064
2020,quantum physics,primary,48.0,6986,0.006870884626395649
2020,statistics,primary,9.0,6986,0.001288290867449184
2021,astrophysics,primary,3468.0,7340,0.47247956403269753
2021,computer science,primary,80.0,7340,0.010899182561307902
2021,condensed matter,primary,53.0,7340,0.007220708446866485
2021,economics,primary,1.0,7340,0.00013623978201634878
2021,electrical engineering and systems science,primary,3.0,7340,0.00040871934604904634
2021,general relativity and quantum cosmology,primary,926.0,7340,0.12615803814713897
2021,high-energy physics,primary,2199.0,7340,0.29959128065395096
2021,mathematics,primary,27.0,7340,0.003678474114441417
2021,nonlinear sciences,primary,5.0,7340,0.0006811989100817438
2021,nuclear physics,primary,66.0,7340,0.008991825613079018
2021,physics,primary,393.0,7340,0.05354223433242507
2021,quantitative biology,primary,15.0,7340,0.0020435967302452314
2021,quantum physics,primary,89.0,7340,0.012125340599455041
2021,statistics,primary,15.0,7340,0.0020435967302452314
2022,astrophysics,primary,3547.0,7563,0.46899378553484067
2022,computer science,primary,78.0,7563,0.010313367711225704
2022,condensed matter,primary,51.0,7563,0.006743355811186037
2022,electrical engineering and systems science,primary,3.0,7563,0.0003966679888932963
2022,general relativity and quantum cosmology,primary,894.0,7563,0.1182070606902023
2022,high-energy physics,primary,2277.0,7563,0.3010710035700119
2022,mathematics,primary,19.0,7563,0.00251223059632421
2022,nonlinear sciences,primary,4.0,7563,0.0005288906518577285
2022,nuclear physics,primary,91.0,7563,0.012032262329763321
2022,physics,primary,465.0,7563,0.061483538278460925
2022,quantitative biology,primary,10.0,7563,0.001322226629644321
2022,quantum physics,primary,115.0,7563,0.015205606240909691
2022,statistics,primary,9.0,7563,0.001190003966679889
2023,astrophysics,primary,4173.0,8962,0.4656326712787324
2023,computer science,primary,100.0,8962,0.01115822361080116
2023,condensed matter,primary,65.0,8962,0.007252845347020754
2023,electrical engineering and systems science,primary,4.0,8962,0.0004463289444320464
2023,general relativity and quantum cosmology,primary,1225.0,8962,0.1366882392323142
2023,high-energy physics,primary,2639.0,8962,0.2944655210890426
2023,mathematics,primary,39.0,8962,0.004351707208212452
2023,nonlinear sciences,primary,4.0,8962,0.0004463289444320464
2023,nuclear physics,primary,88.0,8962,0.00981923677750502
2023,physics,primary,446.0,8962,0.049765677304173174
2023,quantitative biology,primary,10.0,8962,0.0011158223610801161
2023,quantitative finance,primary,2.0,8962,0.0002231644722160232
2023,quantum physics,primary,157.0,8962,0.017518411068957823
2023,statistics,primary,10.0,8962,0.0011158223610801161
2024,astrophysics,primary,5383.0,11066,0.48644496656425085
2024,computer science,primary,125.0,11066,0.011295861196457618
2024,condensed matter,primary,93.0,11066,0.008404120730164468
2024,economics,primary,2.0,11066,0.0001807337791433219
2024,electrical engineering and systems science,primary,3.0,11066,0.00027110066871498283
2024,general relativity and quantum cosmology,primary,1577.0,11066,0.14250858485450932
2024,high-energy physics,primary,3030.0,11066,0.27381167540213264
2024,mathematics,primary,37.0,11066,0.003343574914151455
2024,nonlinear sciences,primary,6.0,11066,0.0005422013374299657
2024,nuclear physics,primary,97.0,11066,0.008765588288451111
2024,physics,primary,476.0,11066,0.043014639436110606
2024,quantitative biology,primary,22.0,11066,0.0019880715705765406
2024,quantitative finance,primary,1.0,11066,9.036688957166094e-05
2024,quantum physics,primary,197.0,11066,0.017802277245617205
2024,statistics,primary,17.0,11066,0.001536237122718236
2025,astrophysics,primary,6226.0,12786,0.4869388393555451
2025,computer science,primary,108.0,12786,0.008446738620366025
2025,condensed matter,primary,99.0,12786,0.0077428437353355235
2025,electrical engineering and systems science,primary,6.0,12786,0.0004692632566870014
2025,general relativity and quantum cosmology,primary,1874.0,12786,0.14656655717190678
2025,high-energy physics,primary,3426.0,12786,0.2679493195682778
2025,mathematics,primary,34.0,12786,0.0026591584545596746
2025,nonlinear sciences,primary,3.0,12786,0.0002346316283435007
2025,nuclear physics,primary,142.0,12786,0.0111058970749257
2025,physics,primary,566.0,12786,0.044267167214140465
2025,quantitative biology,primary,16.0,12786,0.0012513686844986705
2025,quantum physics,primary,233.0,12786,0.018223056468011888
2025,statistics,primary,53.0,12786,0.0041451587674018455
1972,astrophysics,any class,1.0,1,1.0
1989,astrophysics,any class,1.0,1,1.0
1990,high-energy physics,any class,1.0,1,1.0
1991,high-energy physics,any class,3.0,3,1.0
1992,astrophysics,any class,17.0,47,0.3617021276595745
1992,condensed matter,any class,1.0,47,0.02127659574468085
1992,general relativity and quantum cosmology,any class,6.0,47,0.1276595744680851
1992,high-energy physics,any class,39.0,47,0.8297872340425532
1993,astrophysics,any class,122.0,229,0.5327510917030568
1993,computer science,any class,1.0,229,0.004366812227074236
1993,condensed matter,any class,2.0,229,0.008733624454148471
1993,general relativity and quantum cosmology,any class,28.0,229,0.1222707423580786
1993,high-energy physics,any class,152.0,229,0.6637554585152838
1993,nuclear physics,any class,3.0,229,0.013100436681222707
1993,physics,any class,1.0,229,0.004366812227074236
1994,astrophysics,any class,349.0,475,0.7347368421052631
1994,computer science,any class,1.0,475,0.002105263157894737
1994,condensed matter,any class,3.0,475,0.00631578947368421
1994,general relativity and quantum cosmology,any class,48.0,475,0.10105263157894737
1994,high-energy physics,any class,179.0,475,0.37684210526315787
1994,mathematics,any class,1.0,475,0.002105263157894737
1994,nonlinear sciences,any class,1.0,475,0.002105263157894737
1994,nuclear physics,any class,6.0,475,0.01263157894736842
1995,astrophysics,any class,521.0,710,0.7338028169014085
1995,condensed matter,any class,2.0,710,0.0028169014084507044
1995,general relativity and quantum cosmology,any class,58.0,710,0.08169014084507042
1995,high-energy physics,any class,286.0,710,0.4028169014084507
1995,nuclear physics,any class,13.0,710,0.018309859154929577
1996,astrophysics,any class,707.0,917,0.7709923664122137
1996,condensed matter,any class,3.0,917,0.003271537622682661
1996,general relativity and quantum cosmology,any class,74.0,917,0.0806979280261723
1996,high-energy physics,any class,290.0,917,0.31624863685932386
1996,nonlinear sciences,any class,2.0,917,0.0021810250817884407
1996,nuclear physics,any class,8.0,917,0.008724100327153763
1996,physics,any class,2.0,917,0.0021810250817884407
1996,quantum physics,any class,5.0,917,0.0054525627044711015
1997,astrophysics,any class,879.0,1107,0.7940379403794038
1997,condensed matter,any class,5.0,1107,0.004516711833785004
1997,general relativity and quantum cosmology,any class,79.0,1107,0.07136404697380307
1997,high-energy physics,any class,298.0,1107,0.26919602529358627
1997,mathematics,any class,2.0,1107,0.0018066847335140017
1997,nuclear physics,any class,5.0,1107,0.004516711833785004
1997,physics,any class,19.0,1107,0.017163504968383016
1997,quantum physics,any class,2.0,1107,0.0018066847335140017
1998,astrophysics,any class,1090.0,1403,0.7769066286528866
1998,condensed matter,any class,2.0,1403,0.0014255167498218105
1998,general relativity and quantum cosmology,any class,106.0,1403,0.07555238774055595
1998,high-energy physics,any class,439.0,1403,0.31290092658588736
1998,mathematics,any class,2.0,1403,0.0014255167498218105
1998,nuclear physics,any class,13.0,1403,0.009265858873841768
1998,physics,any class,13.0,1403,0.009265858873841768
1998,quantum physics,any class,6.0,1403,0.0042765502494654314
1999,astrophysics,any class,1339.0,1680,0.7970238095238096
1999,condensed matter,any class,9.0,1680,0.005357142857142857
1999,general relativity and quantum cosmology,any class,147.0,1680,0.0875
1999,high-energy physics,any class,522.0,1680,0.3107142857142857
1999,mathematics,any class,7.0,1680,0.004166666666666667
1999,nonlinear sciences,any class,5.0,1680,0.002976190476190476
1999,nuclear physics,any class,19.0,1680,0.01130952380952381
1999,physics,any class,24.0,1680,0.014285714285714285
1999,quantitative biology,any class,1.0,1680,0.0005952380952380953
1999,quantum physics,any class,9.0,1680,0.005357142857142857
2000,astrophysics,any class,1316.0,1657,0.7942063971031985
2000,condensed matter,any class,10.0,1657,0.006035003017501509
2000,general relativity and quantum cosmology,any class,165.0,1657,0.0995775497887749
2000,high-energy physics,any class,480.0,1657,0.28968014484007243
2000,mathematics,any class,5.0,1657,0.0030175015087507543
2000,nonlinear sciences,any class,2.0,1657,0.0012070006035003018
2000,nuclear physics,any class,23.0,1657,0.01388050694025347
2000,physics,any class,28.0,1657,0.016898008449004225
2000,quantum physics,any class,7.0,1657,0.004224502112251056
2001,astrophysics,any class,1677.0,2068,0.8109284332688588
2001,condensed matter,any class,13.0,2068,0.006286266924564797
2001,general relativity and quantum cosmology,any class,189.0,2068,0.0913926499032882
2001,high-energy physics,any class,623.0,2068,0.30125725338491294
2001,mathematics,any class,6.0,2068,0.0029013539651837525
2001,nonlinear sciences,any class,8.0,2068,0.0038684719535783366
2001,nuclear physics,any class,29.0,2068,0.01402321083172147
2001,physics,any class,40.0,2068,0.019342359767891684
2001,quantitative biology,any class,1.0,2068,0.00048355899419729207
2001,quantum physics,any class,9.0,2068,0.004352030947775629
2002,astrophysics,any class,1618.0,2010,0.8049751243781095
2002,computer science,any class,4.0,2010,0.001990049751243781
2002,condensed matter,any class,29.0,2010,0.014427860696517412
2002,general relativity and quantum cosmology,any class,230.0,2010,0.11442786069651742
2002,high-energy physics,any class,632.0,2010,0.3144278606965174
2002,mathematics,any class,7.0,2010,0.003482587064676617
2002,nonlinear sciences,any class,9.0,2010,0.004477611940298508
2002,nuclear physics,any class,15.0,2010,0.007462686567164179
2002,physics,any class,30.0,2010,0.014925373134328358
2002,quantum physics,any class,8.0,2010,0.003980099502487562
2002,statistics,any class,1.0,2010,0.0004975124378109452
2003,astrophysics,any class,1854.0,2238,0.8284182305630027
2003,condensed matter,any class,19.0,2238,0.008489722966934763
2003,general relativity and quantum cosmology,any class,280.0,2238,0.12511170688114387
2003,high-energy physics,any class,664.0,2238,0.2966934763181412
2003,mathematics,any class,6.0,2238,0.002680965147453083
2003,nonlinear sciences,any class,1.0,2238,0.00044682752457551384
2003,nuclear physics,any class,28.0,2238,0.012511170688114389
2003,physics,any class,47.0,2238,0.02100089365504915
2003,quantitative biology,any class,1.0,2238,0.00044682752457551384
2003,quantum physics,any class,4.0,2238,0.0017873100983020554
2004,astrophysics,any class,2088.0,2606,0.8012279355333844
2004,computer science,any class,2.0,2606,0.0007674597083653108
2004,condensed matter,any class,23.0,2606,0.008825786646201074
2004,general relativity and quantum cosmology,any class,356.0,2606,0.13660782808902533
2004,high-energy physics,any class,810.0,2606,0.3108211818879509
2004,mathematics,any class,10.0,2606,0.003837298541826554
2004,nonlinear sciences,any class,2.0,2606,0.0007674597083653108
2004,nuclear physics,any class,27.0,2606,0.010360706062931695
2004,physics,any class,54.0,2606,0.02072141212586339
2004,quantitative biology,any class,2.0,2606,0.0007674597083653108
2004,quantum physics,any class,8.0,2606,0.0030698388334612432
2005,astrophysics,any class,2013.0,2653,0.7587636637768563
2005,computer science,any class,1.0,2653,0.0003769317753486619
2005,condensed matter,any class,25.0,2653,0.009423294383716547
2005,general relativity and quantum cosmology,any class,346.0,2653,0.130418394270637
2005,high-energy physics,any class,903.0,2653,0.3403693931398417
2005,mathematics,any class,14.0,2653,0.005277044854881266
2005,nonlinear sciences,any class,8.0,2653,0.003015454202789295
2005,nuclear physics,any class,32.0,2653,0.01206181681115718
2005,physics,any class,78.0,2653,0.029400678477195626
2005,quantitative biology,any class,1.0,2653,0.0003769317753486619
2005,quantum physics,any class,12.0,2653,0.004523181304183943
2006,astrophysics,any class,2351.0,3064,0.7672976501305483
2006,computer science,any class,3.0,3064,0.0009791122715404699
2006,condensed matter,any class,21.0,3064,0.00685378590078329
2006,general relativity and quantum cosmology,any class,466.0,3064,0.152088772845953
2006,high-energy physics,any class,1024.0,3064,0.3342036553524804
2006,mathematics,any class,19.0,3064,0.006201044386422976
2006,nonlinear sciences,any class,3.0,3064,0.0009791122715404699
2006,nuclear physics,any class,32.0,3064,0.010443864229765013
2006,physics,any class,83.0,3064,0.027088772845953003
2006,quantitative biology,any class,1.0,3064,0.00032637075718015666
2006,quantum physics,any class,11.0,3064,0.0035900783289817234
2007,astrophysics,any class,2338.0,3267,0.7156412610958065
2007,computer science,any class,6.0,3267,0.0018365472910927456
2007,condensed matter,any class,28.0,3267,0.008570554025099479
2007,general relativity and quantum cosmology,any class,479.0,3267,0.14661769207223752
2007,high-energy physics,any class,1178.0,3267,0.3605754514845424
2007,mathematics,any class,28.0,3267,0.008570554025099479
2007,nonlinear sciences,any class,9.0,3267,0.0027548209366391185
2007,nuclear physics,any class,42.0,3267,0.012855831037649219
2007,physics,any class,134.0,3267,0.041016222834404654
2007,quantitative biology,any class,5.0,3267,0.0015304560759106215
2007,quantum physics,any class,15.0,3267,0.004591368227731864
2008,astrophysics,any class,2628.0,3670,0.7160762942779292
2008,computer science,any class,5.0,3670,0.0013623978201634877
2008,condensed matter,any class,24.0,3670,0.006539509536784741
2008,general relativity and quantum cosmology,any class,622.0,3670,0.16948228882833788
2008,high-energy physics,any class,1334.0,3670,0.3634877384196185
2008,mathematics,any class,23.0,3670,0.006267029972752043
2008,nonlinear sciences,any class,10.0,3670,0.0027247956403269754
2008,nuclear physics,any class,39.0,3670,0.010626702997275205
2008,physics,any class,144.0,3670,0.03923705722070845
2008,quantum physics,any class,12.0,3670,0.0032697547683923707
2008,statistics,any class,2.0,3670,0.0005449591280653951
2009,astrophysics,any class,3049.0,4265,0.7148886283704572
2009,computer science,any class,6.0,4265,0.001406799531066823
2009,condensed matter,any class,22.0,4265,0.005158264947245018
2009,general relativity and quantum cosmology,any class,641.0,4265,0.15029308323563892
2009,high-energy physics,any class,1534.0,4265,0.35967174677608443
2009,mathematics,any class,33.0,4265,0.007737397420867527
2009,nonlinear sciences,any class,3.0,4265,0.0007033997655334115
2009,nuclear physics,any class,46.0,4265,0.01078546307151231
2009,physics,any class,184.0,4265,0.04314185228604924
2009,quantitative biology,any class,3.0,4265,0.0007033997655334115
2009,quantum physics,any class,34.0,4265,0.007971864009378663
2009,statistics,any class,9.0,4265,0.0021101992966002345
2010,astrophysics,any class,3012.0,4221,0.7135749822316987
2010,computer science,any class,10.0,4221,0.002369106846718787
2010,condensed matter,any class,33.0,4221,0.007818052594171997
2010,general relativity and quantum cosmology,any class,778.0,4221,0.18431651267472163
2010,high-energy physics,any class,1741.0,4221,0.4124615020137408
2010,mathematics,any class,47.0,4221,0.0111348021795783
2010,nonlinear sciences,any class,10.0,4221,0.002369106846718787
2010,nuclear physics,any class,63.0,4221,0.014925373134328358
2010,physics,any class,206.0,4221,0.04880360104240701
2010,quantum physics,any class,19.0,4221,0.0045013030087656955
2010,statistics,any class,4.0,4221,0.0009476427386875149
2011,astrophysics,any class,3110.0,4427,0.7025073413146601
2011,computer science,any class,11.0,4427,0.002484752654167608
2011,condensed matter,any class,38.0,4427,0.008583690987124463
2011,general relativity and quantum cosmology,any class,838.0,4427,0.18929297492658687
2011,high-energy physics,any class,1794.0,4427,0.4052405692342444
2011,mathematics,any class,56.0,4427,0.012649649875762368
2011,nonlinear sciences,any class,4.0,4427,0.0009035464196973119
2011,nuclear physics,any class,87.0,4427,0.019652134628416536
2011,physics,any class,278.0,4427,0.06279647616896318
2011,quantitative biology,any class,4.0,4427,0.0009035464196973119
2011,quantum physics,any class,32.0,4427,0.007228371357578495
2011,statistics,any class,7.0,4427,0.001581206234470296
2012,astrophysics,any class,3495.0,5054,0.6915314602295212
2012,computer science,any class,18.0,5054,0.003561535417491096
2012,condensed matter,any class,47.0,5054,0.009299564701226752
2012,general relativity and quantum cosmology,any class,924.0,5054,0.18282548476454294
2012,high-energy physics,any class,2127.0,5054,0.4208547685001979
2012,mathematics,any class,65.0,5054,0.012861100118717847
2012,nonlinear sciences,any class,12.0,5054,0.002374356944994064
2012,nuclear physics,any class,106.0,5054,0.020973486347447567
2012,physics,any class,364.0,5054,0.07202216066481995
2012,quantitative biology,any class,7.0,5054,0.0013850415512465374
2012,quantum physics,any class,26.0,5054,0.0051444400474871385
2012,statistics,any class,14.0,5054,0.002770083102493075
2013,astrophysics,any class,3366.0,5028,0.6694510739856802
2013,computer science,any class,14.0,5028,0.0027844073190135244
2013,condensed matter,any class,29.0,5028,0.005767700875099443
2013,general relativity and quantum cosmology,any class,842.0,5028,0.16746221161495625
2013,high-energy physics,any class,2148.0,5028,0.42720763723150357
2013,mathematics,any class,53.0,5028,0.010540970564836914
2013,nonlinear sciences,any class,7.0,5028,0.0013922036595067622
2013,nuclear physics,any class,112.0,5028,0.022275258552108195
2013,physics,any class,426.0,5028,0.08472553699284009
2013,quantitative biology,any class,7.0,5028,0.0013922036595067622
2013,quantum physics,any class,26.0,5028,0.005171042163882259
2013,statistics,any class,9.0,5028,0.0017899761336515514
2014,astrophysics,any class,3486.0,5110,0.6821917808219178
2014,computer science,any class,18.0,5110,0.0035225048923679062
2014,condensed matter,any class,42.0,5110,0.00821917808219178
2014,general relativity and quantum cosmology,any class,865.0,5110,0.16927592954990214
2014,high-energy physics,any class,2200.0,5110,0.43052837573385516
2014,mathematics,any class,60.0,5110,0.011741682974559686
2014,nonlinear sciences,any class,16.0,5110,0.0031311154598825833
2014,nuclear physics,any class,110.0,5110,0.021526418786692758
2014,physics,any class,367.0,5110,0.07181996086105676
2014,quantitative biology,any class,8.0,5110,0.0015655577299412916
2014,quantitative finance,any class,1.0,5110,0.00019569471624266145
2014,quantum physics,any class,45.0,5110,0.008806262230919765
2014,statistics,any class,13.0,5110,0.002544031311154599
2015,astrophysics,any class,3732.0,5685,0.6564643799472295
2015,computer science,any class,24.0,5685,0.004221635883905013
2015,condensed matter,any class,34.0,5685,0.005980650835532102
2015,general relativity and quantum cosmology,any class,1010.0,5685,0.17766051011433598
2015,high-energy physics,any class,2460.0,5685,0.43271767810026385
2015,mathematics,any class,56.0,5685,0.009850483729111698
2015,nonlinear sciences,any class,14.0,5685,0.0024626209322779246
2015,nuclear physics,any class,146.0,5685,0.025681618293755495
2015,physics,any class,483.0,5685,0.08496042216358839
2015,quantitative biology,any class,9.0,5685,0.0015831134564643799
2015,quantum physics,any class,49.0,5685,0.008619173262972735
2015,statistics,any class,14.0,5685,0.0024626209322779246
2016,astrophysics,any class,3717.0,5806,0.640199793317258
2016,computer science,any class,29.0,5806,0.004994832931450224
2016,condensed matter,any class,46.0,5806,0.00792283844299001
2016,general relativity and quantum cosmology,any class,1060.0,5806,0.18256975542542198
2016,high-energy physics,any class,2548.0,5806,0.43885635549431623
2016,mathematics,any class,59.0,5806,0.010161901481226318
2016,nonlinear sciences,any class,17.0,5806,0.0029280055115397862
2016,nuclear physics,any class,105.0,5806,0.018084739924216327
2016,physics,any class,434.0,5806,0.0747502583534275
2016,quantitative biology,any class,10.0,5806,0.001722356183258698
2016,quantitative finance,any class,2.0,5806,0.0003444712366517396
2016,quantum physics,any class,52.0,5806,0.008956252152945229
2016,statistics,any class,14.0,5806,0.002411298656562177
2017,astrophysics,any class,3849.0,5931,0.6489630753667173
2017,computer science,any class,44.0,5931,0.007418647782835947
2017,condensed matter,any class,54.0,5931,0.009104704097116844
2017,general relativity and quantum cosmology,any class,1074.0,5931,0.18108244815376834
2017,high-energy physics,any class,2527.0,5931,0.4260664306187827
2017,mathematics,any class,71.0,5931,0.011970999831394368
2017,nonlinear sciences,any class,11.0,5931,0.0018546619457089867
2017,nuclear physics,any class,132.0,5931,0.02225594334850784
2017,physics,any class,498.0,5931,0.08396560445118867
2017,quantitative biology,any class,10.0,5931,0.001686056314280897
2017,quantum physics,any class,60.0,5931,0.010116337885685382
2017,statistics,any class,27.0,5931,0.004552352048558422
2018,astrophysics,any class,4071.0,6475,0.6287258687258688
2018,computer science,any class,49.0,6475,0.0075675675675675675
2018,condensed matter,any class,52.0,6475,0.008030888030888032
2018,electrical engineering and systems science,any class,1.0,6475,0.00015444015444015445
2018,general relativity and quantum cosmology,any class,1210.0,6475,0.18687258687258687
2018,high-energy physics,any class,2807.0,6475,0.4335135135135135
2018,mathematics,any class,60.0,6475,0.009266409266409266
2018,nonlinear sciences,any class,7.0,6475,0.001081081081081081
2018,nuclear physics,any class,154.0,6475,0.023783783783783784
2018,physics,any class,572.0,6475,0.08833976833976834
2018,quantitative biology,any class,9.0,6475,0.0013899613899613899
2018,quantitative finance,any class,2.0,6475,0.0003088803088803089
2018,quantum physics,any class,62.0,6475,0.009575289575289575
2018,statistics,any class,27.0,6475,0.00416988416988417
2019,astrophysics,any class,4494.0,6878,0.6533876126781041
2019,computer science,any class,87.0,6878,0.012649025879616168
2019,condensed matter,any class,83.0,6878,0.012067461471357952
2019,electrical engineering and systems science,any class,5.0,6878,0.0007269555103227683
2019,general relativity and quantum cosmology,any class,1331.0,6878,0.1935155568479209
2019,high-energy physics,any class,2805.0,6878,0.40782204129107297
2019,mathematics,any class,56.0,6878,0.008141901715615005
2019,nonlinear sciences,any class,19.0,6878,0.0027624309392265192
2019,nuclear physics,any class,174.0,6878,0.025298051759232335
2019,physics,any class,606.0,6878,0.08810700785111951
2019,quantitative biology,any class,6.0,6878,0.0008723466123873219
2019,quantum physics,any class,89.0,6878,0.012939808083745275
2019,statistics,any class,43.0,6878,0.006251817388775807
2020,astrophysics,any class,4439.0,6986,0.6354136845118808
2020,computer science,any class,95.0,6986,0.01359862582307472
2020,condensed matter,any class,100.0,6986,0.0143143429716576
2020,economics,any class,1.0,6986,0.000143143429716576
2020,electrical engineering and systems science,any class,7.0,6986,0.001002004008016032
2020,general relativity and quantum cosmology,any class,1575.0,6986,0.22545090180360722
2020,high-energy physics,any class,3093.0,6986,0.4427426281133696
2020,mathematics,any class,76.0,6986,0.010878900658459777
2020,nonlinear sciences,any class,18.0,6986,0.002576581734898368
2020,nuclear physics,any class,198.0,6986,0.02834239908388205
2020,physics,any class,695.0,6986,0.09948468365302032
2020,quantitative biology,any class,16.0,6986,0.002290294875465216
2020,quantum physics,any class,126.0,6986,0.018036072144288578
2020,statistics,any class,33.0,6986,0.0047237331806470086
2021,astrophysics,any class,4515.0,7340,0.6151226158038147
2021,computer science,any class,142.0,7340,0.019346049046321527
2021,condensed matter,any class,138.0,7340,0.01880108991825613
2021,economics,any class,1.0,7340,0.00013623978201634878
2021,electrical engineering and systems science,any class,14.0,7340,0.0019073569482288828
2021,general relativity and quantum cosmology,any class,1658.0,7340,0.22588555858310627
2021,high-energy physics,any class,3333.0,7340,0.4540871934604905
2021,mathematics,any class,76.0,7340,0.010354223433242507
2021,nonlinear sciences,any class,18.0,7340,0.002452316076294278
2021,nuclear physics,any class,205.0,7340,0.027929155313351498
2021,physics,any class,602.0,7340,0.08201634877384197
2021,quantitative biology,any class,19.0,7340,0.0025885558583106268
2021,quantum physics,any class,165.0,7340,0.022479564032697547
2021,statistics,any class,30.0,7340,0.004087193460490463
2022,astrophysics,any class,4590.0,7563,0.6069020230067433
2022,computer science,any class,155.0,7563,0.020494512759486976
2022,condensed matter,any class,137.0,7563,0.018114504826127198
2022,electrical engineering and systems science,any class,10.0,7563,0.001322226629644321
2022,general relativity and quantum cosmology,any class,1524.0,7563,0.20150733835779452
2022,high-energy physics,any class,3404.0,7563,0.4500859447309269
2022,mathematics,any class,81.0,7563,0.010710035700119
2022,nonlinear sciences,any class,22.0,7563,0.0029088985852175064
2022,nuclear physics,any class,262.0,7563,0.03464233769668121
2022,physics,any class,752.0,7563,0.09943144254925294
2022,quantitative biology,any class,13.0,7563,0.0017188946185376173
2022,quantum physics,any class,199.0,7563,0.02631230992992199
2022,statistics,any class,35.0,7563,0.004627793203755124
2023,astrophysics,any class,5511.0,8962,0.614929703191252
2023,computer science,any class,187.0,8962,0.02086587815219817
2023,condensed matter,any class,177.0,8962,0.019750055791118055
2023,electrical engineering and systems science,any class,11.0,8962,0.0012274045971881276
2023,general relativity and quantum cosmology,any class,2061.0,8962,0.22997098861861193
2023,high-energy physics,any class,3947.0,8962,0.4404150859183218
2023,mathematics,any class,124.0,8962,0.01383619727739344
2023,nonlinear sciences,any class,23.0,8962,0.002566391430484267
2023,nuclear physics,any class,271.0,8962,0.030238785985271143
2023,physics,any class,794.0,8962,0.08859629546976121
2023,quantitative biology,any class,15.0,8962,0.001673733541620174
2023,quantitative finance,any class,2.0,8962,0.0002231644722160232
2023,quantum physics,any class,271.0,8962,0.030238785985271143
2023,statistics,any class,27.0,8962,0.0030127203749163133
2024,astrophysics,any class,7042.0,11066,0.6363636363636364
2024,computer science,any class,233.0,11066,0.021055485270197
2024,condensed matter,any class,211.0,11066,0.01906741369962046
2024,economics,any class,3.0,11066,0.00027110066871498283
2024,electrical engineering and systems science,any class,10.0,11066,0.0009036688957166094
2024,general relativity and quantum cosmology,any class,2732.0,11066,0.2468823423097777
2024,high-energy physics,any class,4701.0,11066,0.4248147478763781
2024,mathematics,any class,143.0,11066,0.012922465208747515
2024,nonlinear sciences,any class,28.0,11066,0.0025302729080065064
2024,nuclear physics,any class,287.0,11066,0.02593529730706669
2024,physics,any class,895.0,11066,0.08087836616663654
2024,quantitative biology,any class,27.0,11066,0.0024399060184348456
2024,quantitative finance,any class,1.0,11066,9.036688957166094e-05
2024,quantum physics,any class,355.0,11066,0.03208024579793964
2024,statistics,any class,52.0,11066,0.004699078257726369
2025,astrophysics,any class,8161.0,12786,0.6382762396371031
2025,computer science,any class,206.0,12786,0.016111371812920383
2025,condensed matter,any class,241.0,12786,0.018848740810261222
2025,electrical engineering and systems science,any class,8.0,12786,0.0006256843422493353
2025,general relativity and quantum cosmology,any class,3159.0,12786,0.24706710464570625
2025,high-energy physics,any class,5386.0,12786,0.4212419834193649
2025,mathematics,any class,158.0,12786,0.01235726575942437
2025,nonlinear sciences,any class,27.0,12786,0.002111684655091506
2025,nuclear physics,any class,379.0,12786,0.029641795714062256
2025,physics,any class,985.0,12786,0.0770373846394494
2025,quantitative biology,any class,23.0,12786,0.0017988424839668388
2025,quantitative finance,any class,1.0,12786,7.821054278116691e-05
2025,quantum physics,any class,444.0,12786,0.034725480994838104
2025,statistics,any class,163.0,12786,0.012748318473330205
1972,astrophysics,fractional,1.0,1,1.0
1989,astrophysics,fractional,1.0,1,1.0
1990,high-energy physics,fractional,1.0,1,1.0
1991,high-energy physics,fractional,3.0,3,1.0
1992,astrophysics,fractional,10.5,47,0.22340425531914893
1992,condensed matter,fractional,1.0,47,0.02127659574468085
1992,general relativity and quantum cosmology,fractional,3.0,47,0.06382978723404255
1992,high-energy physics,fractional,32.5,47,0.6914893617021277
1993,astrophysics,fractional,88.16666666666667,229,0.3850072780203785
1993,computer science,fractional,0.3333333333333333,229,0.0014556040756914118
1993,condensed matter,fractional,1.25,229,0.0054585152838427945
1993,general relativity and quantum cosmology,fractional,15.416666666666666,229,0.0673216885007278
1993,high-energy physics,fractional,122.5,229,0.5349344978165939
1993,nuclear physics,fractional,1.0,229,0.004366812227074236
1993,physics,fractional,0.3333333333333333,229,0.0014556040756914118
1994,astrophysics,fractional,299.1666666666667,475,0.6298245614035088
1994,computer science,fractional,0.3333333333333333,475,0.0007017543859649122
1994,condensed matter,fractional,1.5,475,0.003157894736842105
1994,general relativity and quantum cosmology,fractional,29.166666666666668,475,0.06140350877192983
1994,high-energy physics,fractional,139.0,475,0.2926315789473684
1994,mathematics,fractional,0.6666666666666666,475,0.0014035087719298245
1994,nonlinear sciences,fractional,0.5,475,0.0010526315789473684
1994,nuclear physics,fractional,4.666666666666666,475,0.00982456140350877
1995,astrophysics,fractional,450.6666666666667,710,0.6347417840375588
1995,condensed matter,fractional,1.0,710,0.0014084507042253522
1995,general relativity and quantum cosmology,fractional,28.166666666666668,710,0.03967136150234742
1995,high-energy physics,fractional,223.58333333333334,710,0.31490610328638496
1995,nuclear physics,fractional,6.583333333333333,710,0.009272300469483567
1996,astrophysics,fractional,635.95,917,0.6935114503816794
1996,condensed matter,fractional,0.9166666666666666,917,0.0009996364958197018
1996,general relativity and quantum cosmology,fractional,43.11666666666667,917,0.0470192657215558
1996,high-energy physics,fractional,228.98333333333332,917,0.24970919665576152
1996,nonlinear sciences,fractional,1.25,917,0.0013631406761177754
1996,nuclear physics,fractional,3.5,917,0.003816793893129771
1996,physics,fractional,0.7,917,0.0007633587786259542
1996,quantum physics,fractional,2.5833333333333335,917,0.002817157397310069
1997,astrophysics,fractional,800.45,1107,0.7230803974706415
1997,condensed matter,fractional,2.6666666666666665,1107,0.002408912978018669
1997,general relativity and quantum cosmology,fractional,49.45,1107,0.0446702800361337
1997,high-energy physics,fractional,234.73333333333332,1107,0.21204456489009332
1997,mathematics,fractional,1.6666666666666665,1107,0.0015055706112616681
1997,nuclear physics,fractional,3.0,1107,0.0027100271002710027
1997,physics,fractional,13.833333333333334,1107,0.012496236073471846
1997,quantum physics,fractional,1.2,1107,0.001084010840108401
1998,astrophysics,fractional,975.55,1403,0.6953314326443335
1998,condensed matter,fractional,1.3333333333333333,1403,0.0009503444998812068
1998,general relativity and quantum cosmology,fractional,61.45,1403,0.043799002138275124
1998,high-energy physics,fractional,345.85,1403,0.2465074839629366
1998,mathematics,fractional,0.6666666666666666,1403,0.0004751722499406034
1998,nuclear physics,fractional,4.966666666666667,1403,0.003540033262057496
1998,physics,fractional,9.85,1403,0.007020669992872416
1998,quantum physics,fractional,3.333333333333333,1403,0.0023758612497030173
1999,astrophysics,fractional,1173.9666666666667,1680,0.6987896825396825
1999,condensed matter,fractional,3.6666666666666665,1680,0.0021825396825396826
1999,general relativity and quantum cosmology,fractional,79.61666666666666,1680,0.04739087301587301
1999,high-energy physics,fractional,388.1333333333333,1680,0.23103174603174603
1999,mathematics,fractional,3.25,1680,0.0019345238095238096
1999,nonlinear sciences,fractional,2.5,1680,0.001488095238095238
1999,nuclear physics,fractional,8.25,1680,0.004910714285714286
1999,physics,fractional,16.28333333333333,1680,0.009692460317460317
1999,quantitative biology,fractional,0.5,1680,0.00029761904761904765
1999,quantum physics,fractional,3.833333333333333,1680,0.0022817460317460314
2000,astrophysics,fractional,1164.75,1657,0.7029269764634882
2000,condensed matter,fractional,3.833333333333333,1657,0.002313417823375578
2000,general relativity and quantum cosmology,fractional,88.83333333333333,1657,0.0536109434721384
2000,high-energy physics,fractional,362.18333333333334,1657,0.21857775095554216
2000,mathematics,fractional,3.033333333333333,1657,0.0018306175819754575
2000,nonlinear sciences,fractional,0.6666666666666666,1657,0.00040233353450010054
2000,nuclear physics,fractional,10.316666666666666,1657,0.006226111446389056
2000,physics,fractional,19.466666666666665,1657,0.011748139207402936
2000,quantum physics,fractional,3.9166666666666665,1657,0.002363709515188091
2001,astrophysics,fractional,1466.6916666666666,2068,0.7092319471308832
2001,condensed matter,fractional,3.5416666666666665,2068,0.0017126047711154093
2001,general relativity and quantum cosmology,fractional,94.35,2068,0.0456237911025145
2001,high-energy physics,fractional,452.06666666666666,2068,0.21860090264345583
2001,mathematics,fractional,1.7,2068,0.0008220502901353965
2001,nonlinear sciences,fractional,3.833333333333333,2068,0.0018536428110896195
2001,nuclear physics,fractional,12.841666666666667,2068,0.006209703417150225
2001,physics,fractional,27.766666666666666,2068,0.01342682140554481
2001,quantitative biology,fractional,0.3333333333333333,2068,0.00016118633139909736
2001,quantum physics,fractional,4.875,2068,0.002357350096711799
2002,astrophysics,fractional,1389.6,2010,0.6913432835820895
2002,computer science,fractional,3.3333333333333335,2010,0.001658374792703151
2002,condensed matter,fractional,12.75,2010,0.006343283582089552
2002,general relativity and quantum cosmology,fractional,110.26666666666667,2010,0.054859038142620234
2002,high-energy physics,fractional,454.4166666666667,2010,0.22607794361525707
2002,mathematics,fractional,2.2666666666666666,2010,0.0011276948590381425
2002,nonlinear sciences,fractional,3.1666666666666665,2010,0.0015754560530679934
2002,nuclear physics,fractional,9.666666666666666,2010,0.004809286898839137
2002,physics,fractional,19.75,2010,0.009825870646766169
2002,quantum physics,fractional,4.283333333333333,2010,0.002131011608623549
2002,statistics,fractional,0.5,2010,0.0002487562189054726
2003,astrophysics,fractional,1585.3833333333334,2238,0.7083929103366101
2003,condensed matter,fractional,9.45,2238,0.004222520107238606
2003,general relativity and quantum cosmology,fractional,136.88333333333333,2238,0.061163240988978254
2003,high-energy physics,fractional,452.73333333333335,2238,0.2022937146261543
2003,mathematics,fractional,3.4,2238,0.0015192135835567471
2003,nonlinear sciences,fractional,0.2,2238,8.936550491510278e-05
2003,nuclear physics,fractional,14.65,2238,0.006546023235031278
2003,physics,fractional,32.8,2238,0.014655942806076853
2003,quantitative biology,fractional,0.5,2238,0.00022341376228775692
2003,quantum physics,fractional,2.0,2238,0.0008936550491510277
2004,astrophysics,fractional,1775.4166666666667,2606,0.6812803786134561
2004,computer science,fractional,1.0,2606,0.0003837298541826554
2004,condensed matter,fractional,15.666666666666666,2606,0.006011767715528268
2004,general relativity and quantum cosmology,fractional,173.78333333333333,2606,0.0666858531593758
2004,high-energy physics,fractional,565.4166666666666,2606,0.21696725505244308
2004,mathematics,fractional,8.5,2606,0.003261703760552571
2004,nonlinear sciences,fractional,1.5,2606,0.0005755947812739831
2004,nuclear physics,fractional,15.683333333333334,2606,0.006018163213097979
2004,physics,fractional,43.7,2606,0.016768994627782044
2004,quantitative biology,fractional,1.3333333333333333,2606,0.0005116398055768738
2004,quantum physics,fractional,4.0,2606,0.0015349194167306216
2005,astrophysics,fractional,1697.1833333333334,2653,0.6397223269254931
2005,computer science,fractional,0.6666666666666666,2653,0.00025128785023244125
2005,condensed matter,fractional,15.083333333333334,2653,0.005685387611508984
2005,general relativity and quantum cosmology,fractional,175.86666666666667,2653,0.06628973489131801
2005,high-energy physics,fractional,655.0333333333333,2653,0.24690287724588514
2005,mathematics,fractional,9.916666666666666,2653,0.0037379067722075636
2005,nonlinear sciences,fractional,5.166666666666666,2653,0.0019474808393014195
2005,nuclear physics,fractional,14.416666666666666,2653,0.005434099761276542
2005,physics,fractional,70.66666666666667,2653,0.026636512124638776
2005,quantitative biology,fractional,1.0,2653,0.0003769317753486619
2005,quantum physics,fractional,8.0,2653,0.003015454202789295
2006,astrophysics,fractional,1983.4666666666667,3064,0.6473455178416014
2006,computer science,fractional,1.8333333333333333,3064,0.0005983463881636205
2006,condensed matter,fractional,14.35,3064,0.004683420365535248
2006,general relativity and quantum cosmology,fractional,231.18333333333334,3064,0.07545147954743255
2006,high-energy physics,fractional,729.2333333333333,3064,0.23800043516100958
2006,mathematics,fractional,11.566666666666666,3064,0.0037750217580504787
2006,nonlinear sciences,fractional,0.7333333333333334,3064,0.00023933855526544822
2006,nuclear physics,fractional,18.733333333333334,3064,0.006114012184508268
2006,physics,fractional,66.96666666666667,3064,0.021855961705831158
2006,quantitative biology,fractional,0.4,3064,0.00013054830287206266
2006,quantum physics,fractional,5.533333333333333,3064,0.0018059181897302002
2007,astrophysics,fractional,1968.6,3267,0.6025711662075298
2007,computer science,fractional,3.1666666666666665,3267,0.0009692888480767268
2007,condensed matter,fractional,15.95,3267,0.004882154882154882
2007,general relativity and quantum cosmology,fractional,244.66666666666666,3267,0.07489031731455974
2007,high-energy physics,fractional,875.6666666666666,3267,0.26803387409448015
2007,mathematics,fractional,15.95,3267,0.004882154882154882
2007,nonlinear sciences,fractional,4.0,3267,0.001224364860728497
2007,nuclear physics,fractional,23.4,3267,0.007162534435261708
2007,physics,fractional,105.33333333333333,3267,0.032241607999183755
2007,quantitative biology,fractional,2.533333333333333,3267,0.0007754310784613814
2007,quantum physics,fractional,7.733333333333333,3267,0.0023671053974084278
2008,astrophysics,fractional,2191.3,3670,0.5970844686648502
2008,computer science,fractional,4.5,3670,0.001226158038147139
2008,condensed matter,fractional,14.483333333333333,3670,0.003946412352406903
2008,general relativity and quantum cosmology,fractional,325.18333333333334,3670,0.08860581289736603
2008,high-energy physics,fractional,974.1333333333333,3670,0.2654314259763851
2008,mathematics,fractional,10.85,3670,0.0029564032697547682
2008,nonlinear sciences,fractional,4.733333333333333,3670,0.0012897366030881017
2008,nuclear physics,fractional,24.766666666666666,3670,0.006748410535876476
2008,physics,fractional,112.26666666666667,3670,0.030590372388737512
2008,quantum physics,fractional,6.45,3670,0.0017574931880108993
2008,statistics,fractional,1.3333333333333333,3670,0.00036330608537693006
2009,astrophysics,fractional,2567.95,4265,0.6020984759671746
2009,computer science,fractional,2.6999999999999997,4265,0.0006330597889800702
2009,condensed matter,fractional,12.583333333333332,4265,0.0029503712387651424
2009,general relativity and quantum cosmology,fractional,340.3,4265,0.07978898007033998
2009,high-energy physics,fractional,1130.4333333333334,4265,0.26504884720593985
2009,mathematics,fractional,15.3,4265,0.003587338804220399
2009,nonlinear sciences,fractional,1.5,4265,0.00035169988276670573
2009,nuclear physics,fractional,28.53333333333333,4265,0.0066901133255177795
2009,physics,fractional,140.88333333333333,4265,0.03303243454474404
2009,quantitative biology,fractional,1.5833333333333333,4265,0.00037123876514263385
2009,quantum physics,fractional,18.333333333333332,4265,0.0042985541227041815
2009,statistics,fractional,4.9,4265,0.0011488862837045722
2010,astrophysics,fractional,2384.766666666667,4221,0.564976703782674
2010,computer science,fractional,6.916666666666667,4221,0.0016386322356471612
2010,condensed matter,fractional,18.483333333333334,4221,0.004378899155018558
2010,general relativity and quantum cosmology,fractional,381.6666666666667,4221,0.0904209113164337
2010,high-energy physics,fractional,1210.95,4221,0.2868869936034115
2010,mathematics,fractional,25.483333333333334,4221,0.006037273947721709
2010,nonlinear sciences,fractional,5.0,4221,0.0011845534233593934
2010,nuclear physics,fractional,36.483333333333334,4221,0.008643291479112376
2010,physics,fractional,137.35,4221,0.032539682539682535
2010,quantum physics,fractional,11.4,4221,0.0027007818052594175
2010,statistics,fractional,2.5,4221,0.0005922767116796967
2011,astrophysics,fractional,2459.3333333333335,4427,0.5555304570438974
2011,computer science,fractional,6.726190476190476,4427,0.0015193563307410157
2011,condensed matter,fractional,19.03333333333333,4427,0.004299375047059709
2011,general relativity and quantum cosmology,fractional,417.3666666666667,4427,0.09427753934191703
2011,high-energy physics,fractional,1244.2,4427,0.2810481138468489
2011,mathematics,fractional,26.216666666666665,4427,0.005921993825766132
2011,nonlinear sciences,fractional,1.3666666666666667,4427,0.0003087116933965816
2011,nuclear physics,fractional,44.233333333333334,4427,0.009991717491152775
2011,physics,fractional,189.26666666666665,4427,0.042752804758677806
2011,quantitative biology,fractional,3.428571428571429,4427,0.0007744683597405532
2011,quantum physics,fractional,12.566666666666666,4427,0.002838641668549055
2011,statistics,fractional,3.261904761904762,4427,0.0007368205922531651
2012,astrophysics,fractional,2736.5777777777776,5054,0.5414677043485907
2012,computer science,fractional,10.066666666666666,5054,0.001991821659411687
2012,condensed matter,fractional,21.85,5054,0.004323308270676692
2012,general relativity and quantum cosmology,fractional,459.01666666666665,5054,0.0908224508640021
2012,high-energy physics,fractional,1494.9888888888888,5054,0.2958031042518577
2012,mathematics,fractional,32.25,5054,0.006381084289671548
2012,nonlinear sciences,fractional,5.25,5054,0.001038781163434903
2012,nuclear physics,fractional,50.50555555555555,5054,0.009993184716176405
2012,physics,fractional,221.54444444444445,5054,0.04383546585762652
2012,quantitative biology,fractional,4.833333333333333,5054,0.0009563382139559424
2012,quantum physics,fractional,10.616666666666667,5054,0.002100646352723915
2012,statistics,fractional,6.5,5054,0.0012861100118717846
2013,astrophysics,fractional,2688.65,5028,0.5347354813046937
2013,computer science,fractional,8.416666666666666,5028,0.0016739591620259877
2013,condensed matter,fractional,17.083333333333332,5028,0.003397639883320074
2013,general relativity and quantum cosmology,fractional,431.09999999999997,5028,0.0857398568019093
2013,high-energy physics,fractional,1533.4833333333333,5028,0.3049887297798992
2013,mathematics,fractional,23.416666666666668,5028,0.0046572527181119065
2013,nonlinear sciences,fractional,3.8666666666666667,5028,0.0007690267833465925
2013,nuclear physics,fractional,47.55,5028,0.009457040572792362
2013,physics,fractional,254.61666666666667,5028,0.05063975072924954
2013,quantitative biology,fractional,4.533333333333333,5028,0.0009016176080615221
2013,quantum physics,fractional,9.866666666666667,5028,0.00196234420578096
2013,statistics,fractional,5.416666666666666,5028,0.001077300450808804
2014,astrophysics,fractional,2765.4095238095238,5110,0.5411760320566583
2014,computer science,fractional,11.366666666666667,5110,0.002224396607958252
2014,condensed matter,fractional,22.483333333333334,5110,0.004399869536855838
2014,general relativity and quantum cosmology,fractional,450.15,5110,0.08809197651663404
2014,high-energy physics,fractional,1545.0714285714287,5110,0.3023623147889293
2014,mathematics,fractional,26.116666666666667,5110,0.005110893672537508
2014,nonlinear sciences,fractional,7.316666666666666,5110,0.0014318330071754729
2014,nuclear physics,fractional,47.11904761904762,5110,0.009220948653433977
2014,physics,fractional,202.21666666666667,5110,0.03957273320287019
2014,quantitative biology,fractional,6.166666666666666,5110,0.001206784083496412
2014,quantitative finance,fractional,1.0,5110,0.00019569471624266145
2014,quantum physics,fractional,19.85,5110,0.00388454011741683
2014,statistics,fractional,5.733333333333333,5110,0.001121983039791259
2015,astrophysics,fractional,2969.6,5685,0.5223570800351803
2015,computer science,fractional,17.083333333333332,5685,0.0030049838756962765
2015,condensed matter,fractional,17.5,5685,0.0030782761653474055
2015,general relativity and quantum cosmology,fractional,531.5166666666667,5685,0.09349457637056581
2015,high-energy physics,fractional,1742.8833333333332,5685,0.30657578422749926
2015,mathematics,fractional,28.316666666666666,5685,0.004980944004690706
2015,nonlinear sciences,fractional,7.083333333333333,5685,0.0012459689240691878
2015,nuclear physics,fractional,58.96666666666667,5685,0.010372324831427734
2015,physics,fractional,277.81666666666666,5685,0.04886836704778657
2015,quantitative biology,fractional,5.5,5685,0.0009674582233948989
2015,quantum physics,fractional,22.316666666666666,5685,0.003925535033714453
2015,statistics,fractional,6.416666666666666,5685,0.0011287012606273818
2016,astrophysics,fractional,2963.883333333333,5806,0.5104862785624067
2016,computer science,fractional,23.25,5806,0.004004478126076473
2016,condensed matter,fractional,25.5,5806,0.00439200826730968
2016,general relativity and quantum cosmology,fractional,564.9333333333333,5806,0.09730164197956137
2016,high-energy physics,fractional,1842.1833333333334,5806,0.31728958548627856
2016,mathematics,fractional,30.45,5806,0.005244574578022735
2016,nonlinear sciences,fractional,7.416666666666666,5806,0.0012774141692502008
2016,nuclear physics,fractional,46.85,5806,0.008069238718567
2016,physics,fractional,262.2833333333333,5806,0.04517453209323687
2016,quantitative biology,fractional,5.833333333333333,5806,0.0010047077735675738
2016,quantitative finance,fractional,1.5,5806,0.0002583534274888047
2016,quantum physics,fractional,25.483333333333334,5806,0.0043891376736709155
2016,statistics,fractional,6.433333333333334,5806,0.0011080491445630957
2017,astrophysics,fractional,3075.6666666666665,5931,0.5185747203956612
2017,computer science,fractional,29.95,5931,0.005049738661271287
2017,condensed matter,fractional,27.03333333333333,5931,0.004557972236272691
2017,general relativity and quantum cosmology,fractional,573.8333333333334,5931,0.09675153150115215
2017,high-energy physics,fractional,1779.2666666666667,5931,0.2999943798122857
2017,mathematics,fractional,33.983333333333334,5931,0.005729781374697915
2017,nonlinear sciences,fractional,4.366666666666666,5931,0.0007362445905693249
2017,nuclear physics,fractional,58.75,5931,0.00990558084640027
2017,physics,fractional,298.9166666666667,5931,0.05039903332771315
2017,quantitative biology,fractional,5.233333333333333,5931,0.0008823694711403361
2017,quantum physics,fractional,30.016666666666666,5931,0.005060979036699826
2017,statistics,fractional,13.983333333333333,5931,0.0023576687461361206
2018,astrophysics,fractional,3253.4666666666667,6475,0.5024658944658945
2018,computer science,fractional,32.95,6475,0.005088803088803089
2018,condensed matter,fractional,29.983333333333334,6475,0.00463063063063063
2018,electrical engineering and systems science,fractional,0.5,6475,7.722007722007723e-05
2018,general relativity and quantum cosmology,fractional,649.9333333333333,6475,0.10037580437580437
2018,high-energy physics,fractional,1985.2166666666667,6475,0.3065971685971686
2018,mathematics,fractional,32.416666666666664,6475,0.005006435006435006
2018,nonlinear sciences,fractional,2.833333333333333,6475,0.0004375804375804375
2018,nuclear physics,fractional,72.05,6475,0.011127413127413126
2018,physics,fractional,367.0833333333333,6475,0.05669240669240669
2018,quantitative biology,fractional,6.5,6475,0.001003861003861004
2018,quantitative finance,fractional,2.0,6475,0.0003088803088803089
2018,quantum physics,fractional,25.466666666666665,6475,0.003933075933075933
2018,statistics,fractional,14.6,6475,0.002254826254826255
2019,astrophysics,fractional,3590.1833333333334,6878,0.5219807114471261
2019,computer science,fractional,58.083333333333336,6878,0.008444799844916159
2019,condensed matter,fractional,44.733333333333334,6878,0.0065038286323543665
2019,electrical engineering and systems science,fractional,2.9166666666666665,6878,0.0004240573810216148
2019,general relativity and quantum cosmology,fractional,705.7666666666667,6878,0.10261219346709315
2019,high-energy physics,fractional,1913.9333333333334,6878,0.2782688766114181
2019,mathematics,fractional,27.233333333333334,6878,0.0039594843462246775
2019,nonlinear sciences,fractional,7.233333333333333,6878,0.0010516623049336047
2019,nuclear physics,fractional,83.45,6878,0.012132887467287003
2019,physics,fractional,380.1333333333333,6878,0.05526800426480566
2019,quantitative biology,fractional,4.5,6878,0.0006542599592904915
2019,quantum physics,fractional,40.36666666666667,6878,0.005868954153339149
2019,statistics,fractional,19.466666666666665,6878,0.0028302801201899775
2020,astrophysics,fractional,3395.65,6986,0.48606498711709134
2020,computer science,fractional,61.25,6986,0.00876753507014028
2020,condensed matter,fractional,50.53333333333333,6986,0.007233514648344307
2020,economics,fractional,0.16666666666666666,6986,2.3857238286096e-05
2020,electrical engineering and systems science,fractional,2.033333333333333,6986,0.0002910583070903712
2020,general relativity and quantum cosmology,fractional,826.3333333333334,6986,0.11828418742246398
2020,high-energy physics,fractional,2033.2166666666667,6986,0.29104160702357096
2020,mathematics,fractional,38.9,6986,0.0055682794159748064
2020,nonlinear sciences,fractional,8.533333333333333,6986,0.0012214906002481153
2020,nuclear physics,fractional,85.33333333333333,6986,0.012214906002481152
2020,physics,fractional,402.5,6986,0.057615230460921846
2020,quantitative biology,fractional,14.083333333333334,6986,0.002015936635175112
2020,quantum physics,fractional,55.449999999999996,6986,0.00793730317778414
2020,statistics,fractional,12.016666666666666,6986,0.0017201068804275216
2021,astrophysics,fractional,3428.6666666666665,7340,0.4671207992733878
2021,computer science,fractional,96.95,7340,0.013208446866485014
2021,condensed matter,fractional,72.05,7340,0.009816076294277928
2021,economics,fractional,1.0,7340,0.00013623978201634878
2021,electrical engineering and systems science,fractional,6.833333333333333,7340,0.0009309718437783833
2021,general relativity and quantum cosmology,fractional,859.5333333333333,7340,0.11710263396911898
2021,high-energy physics,fractional,2259.883333333333,7340,0.307886012715713
2021,mathematics,fractional,42.81666666666666,7340,0.005833333333333333
2021,nonlinear sciences,fractional,7.866666666666666,7340,0.0010717529518619437
2021,nuclear physics,fractional,95.63333333333333,7340,0.013029064486830154
2021,physics,fractional,359.8333333333333,7340,0.049023614895549496
2021,quantitative biology,fractional,13.2,7340,0.0017983651226158037
2021,quantum physics,fractional,81.75,7340,0.011137602179836512
2021,statistics,fractional,13.983333333333333,7340,0.001905086285195277
2022,astrophysics,fractional,3555.1833333333334,7563,0.4700758076600996
2022,computer science,fractional,101.66666666666667,7563,0.013442637401383932
2022,condensed matter,fractional,68.03333333333333,7563,0.008995548503680197
2022,electrical engineering and systems science,fractional,4.2,7563,0.0005553351844506148
2022,general relativity and quantum cosmology,fractional,804.3333333333334,7563,0.10635109524439156
2022,high-energy physics,fractional,2308.4,7563,0.30522279518709505
2022,mathematics,fractional,39.8,7563,0.005262461985984397
2022,nonlinear sciences,fractional,7.683333333333334,7563,0.00101591079377672
2022,nuclear physics,fractional,119.31666666666666,7563,0.015776367402706156
2022,physics,fractional,432.6333333333333,7563,0.05720393142051214
2022,quantitative biology,fractional,9.166666666666666,7563,0.0012120410771739609
2022,quantum physics,fractional,97.36666666666666,7563,0.012874079950636871
2022,statistics,fractional,15.216666666666667,7563,0.0020119881881087752
2023,astrophysics,fractional,4196.433333333333,8962,0.46824741501153017
2023,computer science,fractional,123.86666666666666,8962,0.01382131964591237
2023,condensed matter,fractional,88.61666666666666,8962,0.00988804582310496
2023,electrical engineering and systems science,fractional,4.25,8962,0.00047422450345904933
2023,general relativity and quantum cosmology,fractional,1097.3333333333333,8962,0.1224429070891914
2023,high-energy physics,fractional,2632.9166666666665,8962,0.29378672915271886
2023,mathematics,fractional,64.65,8962,0.007213791564382951
2023,nonlinear sciences,fractional,9.116666666666667,8962,0.0010172580525180392
2023,nuclear physics,fractional,128.65,8962,0.014355054675295693
2023,physics,fractional,451.31666666666666,8962,0.05035892285948077
2023,quantitative biology,fractional,10.75,8962,0.0011995090381611247
2023,quantitative finance,fractional,2.0,8962,0.0002231644722160232
2023,quantum physics,fractional,140.58333333333334,8962,0.015686602692851298
2023,statistics,fractional,11.516666666666666,8962,0.001285055419177267
2024,astrophysics,fractional,5359.547619047619,11066,0.4843256478445345
2024,computer science,fractional,153.36666666666667,11066,0.0138592686306404
2024,condensed matter,fractional,113.17619047619047,11066,0.010227380306903169
2024,economics,fractional,2.5,11066,0.00022591722392915236
2024,electrical engineering and systems science,fractional,3.4833333333333334,11066,0.00031477799867461894
2024,general relativity and quantum cosmology,fractional,1432.8190476190475,11066,0.12947940065236288
2024,high-energy physics,fractional,3047.5857142857144,11066,0.2754008417030286
2024,mathematics,fractional,68.98333333333333,11066,0.006233809265618411
2024,nonlinear sciences,fractional,11.383333333333333,11066,0.0010286764262907404
2024,nuclear physics,fractional,140.76666666666665,11066,0.01272064582203747
2024,physics,fractional,508.7452380952381,11066,0.045973724751060735
2024,quantitative biology,fractional,17.866666666666667,11066,0.0016145550936803423
2024,quantitative finance,fractional,0.5,11066,4.518344478583047e-05
2024,quantum physics,fractional,183.32619047619048,11066,0.016566617610355185
2024,statistics,fractional,21.95,11066,0.0019835532260979575
2025,astrophysics,fractional,6218.611904761905,12786,0.48636101241685475
2025,computer science,fractional,132.98333333333332,12786,0.010400698680848844
2025,condensed matter,fractional,126.51666666666667,12786,0.009894937170863967
2025,electrical engineering and systems science,fractional,4.733333333333333,12786,0.00037019656916419
2025,general relativity and quantum cosmology,fractional,1683.3428571428572,12786,0.13165515854394316
2025,high-energy physics,fractional,3502.059523809524,12786,0.2738979762090977
2025,mathematics,fractional,75.55,12786,0.005908806507117159
2025,nonlinear sciences,fractional,10.25,12786,0.0008016580635069608
2025,nuclear physics,fractional,172.51666666666665,12786,0.013492622138797643
2025,physics,fractional,547.4595238095238,12786,0.042817106507862024
2025,quantitative biology,fractional,17.28333333333333,12786,0.0013517388810678345
2025,quantitative finance,fractional,0.3333333333333333,12786,2.607018092705563e-05
2025,quantum physics,fractional,225.2095238095238,12786,0.017613759096630988
2025,statistics,fractional,69.14999999999999,12786,0.005408259033317691
