group,mode,term,salience,mean_in,mean_out,rank
astrophysics,bigrams,power spectrum,0.012680186019972083,0.013682079942274385,0.0010018939223023023,1
astrophysics,bigrams,velocity dispersion,0.005591340202687227,0.005701179391399121,0.00010983918871189468,2
astrophysics,bigrams,globular cluster,0.0046191740499445435,0.004731659936152284,0.00011248588620774085,3
astrophysics,bigrams,surface brightness,0.004503533900843456,0.004529503516777842,2.596961593438592e-05,4
astrophysics,bigrams,rotation curve,0.004380056958931404,0.00470618520045142,0.0003261282415200156,5
astrophysics,bigrams,active galactic,0.003795597955384637,0.003900525757427597,0.0001049278020429603,6
astrophysics,bigrams,angular momentum,0.0032498846362583886,0.0038395891435136463,0.0005897045072552576,7
astrophysics,bigrams,supermassive black-hole,0.00322846207066124,0.003577547659996516,0.0003490855893352763,8
astrophysics,bigrams,intergalactic medium,0.00302746689929957,0.0030977667967981046,7.029989749853468e-05,9
astrophysics,bigrams,galactic nuclei,0.002983869015775067,0.0030950664036173098,0.00011119738784224261,10
astrophysics,bigrams,stellar populations,0.0028811309365475452,0.0028919347994477615,1.0803862900216417e-05,11
astrophysics,bigrams,stellar population,0.0028662818446365894,0.00287000968581042,3.7278411738305055e-06,12
astrophysics,bigrams,star cluster,0.0025587375685883844,0.002572535579686258,1.3798011097873643e-05,13
astrophysics,bigrams,hubble constant,0.002530592140529378,0.0027797639635347964,0.00024917182300541844,14
astrophysics,bigrams,photometric redshift,0.0025069665640743938,0.0025069665640743946,8.755917877512017e-19,15
astrophysics,bigrams,redshift survey,0.0024733099857294225,0.002510109717239291,3.6799731509868336e-05,16
astrophysics,bigrams,interstellar medium,0.002451379552301877,0.002573576839568604,0.00012219728726672703,17
astrophysics,bigrams,surface density,0.00235752531116035,0.002365947208600595,8.421897440244564e-06,18
astrophysics,bigrams,scaling relations,0.002331723126697056,0.0023728142917512135,4.109116505415733e-05,19
astrophysics,bigrams,radial velocity,0.002304779440394034,0.0023047794403940366,2.626775363253605e-18,20
astrophysics,bigrams,major merger,0.0022003490548612604,0.0022003490548612717,1.1382693240765623e-17,21
astrophysics,bigrams,molecular gas,0.002193714374724274,0.002193714374724275,8.755917877512017e-19,22
astrophysics,bigrams,ray emission,0.0020578203829757086,0.0021587680082753415,0.000100947625299633,23
astrophysics,bigrams,virial radius,0.002057257121385158,0.002066939201537917,9.682080152759072e-06,24
astrophysics,bigrams,line sight,0.002030353268311163,0.002058050062079592,2.769679376842903e-05,25
high-energy physics,bigrams,higgs boson,0.012965180352552065,0.013000435400856375,3.5255048304310435e-05,1
high-energy physics,bigrams,relic density,0.00829609728031224,0.008465828586449118,0.00016973130613687912,2
high-energy physics,bigrams,supersymmetry breaking,0.007539663139462908,0.007609530695689559,6.986755622665096e-05,3
high-energy physics,bigrams,symmetry breaking,0.007125269076946706,0.0073673458589007855,0.0002420767819540797,4
high-energy physics,bigrams,minimal supersymmetry,0.006944184342144347,0.007055835103603131,0.00011165076145878428,5
high-energy physics,bigrams,hadron collider,0.005989792584977067,0.006044911262056807,5.511867707974013e-05,6
high-energy physics,bigrams,relic abundance,0.005149584566988357,0.0053308436565179165,0.00018125908952955976,7
high-energy physics,bigrams,yukawa coupling,0.005136414375524617,0.005188378328558249,5.196395303363117e-05,8
high-energy physics,bigrams,sterile neutrino,0.004836542540120701,0.006240253689986184,0.001403711149865483,9
high-energy physics,bigrams,gauge symmetry,0.0047058866636350985,0.004737057684613827,3.117102097872786e-05,10
high-energy physics,bigrams,higgs bosons,0.004259037615659117,0.004265225012556812,6.187396897694431e-06,11
high-energy physics,bigrams,higgs doublet,0.004182086879485699,0.004195884832947007,1.3797953461307281e-05,12
high-energy physics,bigrams,gauge boson,0.004129494112982367,0.004180680286503113,5.1186173520745204e-05,13
high-energy physics,bigrams,hidden sector,0.003987418766251952,0.004092797283459205,0.00010537851720725304,14
high-energy physics,bigrams,gauge bosons,0.003919301376205743,0.00398518966249852,6.588828629277705e-05,15
high-energy physics,bigrams,electroweak symmetry,0.003912677981530129,0.003944309782111515,3.1631800581386845e-05,16
high-energy physics,bigrams,gauge coupling,0.003896840898365725,0.003935844302645304,3.9003404279578875e-05,17
high-energy physics,bigrams,seesaw mechanism,0.0034489889405165063,0.003473648434413435,2.4659493896928627e-05,18
high-energy physics,bigrams,magnetic moment,0.0033739666457592494,0.0034389542064543863,6.498756069513707e-05,19
high-energy physics,bigrams,pair production,0.0032431530460428084,0.003418311232614802,0.00017515818657199342,20
high-energy physics,bigrams,final state,0.003166220038538727,0.003369404033273915,0.00020318399473518846,21
high-energy physics,bigrams,extra dimensions,0.0031599492139945283,0.0035300164699283323,0.00037006725593380385,22
high-energy physics,bigrams,higgs sector,0.0030962330725168006,0.003109756771797824,1.3523699281023241e-05,23
high-energy physics,bigrams,integrated luminosity,0.003041252252577586,0.003086802364863184,4.555011228559814e-05,24
high-energy physics,bigrams,grand unified,0.0030361562859294302,0.003081898504804607,4.574221887517668e-05,25
