year,vocabulary_scope,js_divergence,total_astro_term_documents,total_hep_term_documents,n_terms
1992,all unigrams,0.7656290224990433,323,544,5907
1992,candidate terms removed,0.7644092848025632,323,539,5896
1993,all unigrams,0.51718539366525,2554,2761,5907
1993,candidate terms removed,0.5174451290392507,2548,2740,5896
1994,all unigrams,0.5418008202336818,10586,2905,5907
1994,candidate terms removed,0.5405332273289101,10576,2865,5896
1995,all unigrams,0.4749372907806424,16596,4634,5907
1995,candidate terms removed,0.47380414038191554,16583,4586,5896
1996,all unigrams,0.47780323135726727,24430,5577,5907
1996,candidate terms removed,0.47724399337675816,24404,5526,5896
1997,all unigrams,0.4548370255762556,31503,5595,5907
1997,candidate terms removed,0.45277234550715895,31481,5524,5896
1998,all unigrams,0.4432659110914272,39518,8121,5907
1998,candidate terms removed,0.4415636872078378,39479,8009,5896
1999,all unigrams,0.41226977354266753,47786,9399,5907
1999,candidate terms removed,0.4105062930983489,47731,9269,5896
2000,all unigrams,0.4143748634560932,48198,9298,5907
2000,candidate terms removed,0.41238857427359665,48151,9176,5896
2001,all unigrams,0.38557494898724565,60189,11787,5907
2001,candidate terms removed,0.38346455332073603,60121,11611,5896
2002,all unigrams,0.37023730303095226,59517,12065,5907
2002,candidate terms removed,0.36886568302863776,59463,11944,5896
2003,all unigrams,0.3589079847287192,67933,11112,5907
2003,candidate terms removed,0.35776719061490525,67855,11004,5896
2004,all unigrams,0.3503018155359438,77198,14812,5907
2004,candidate terms removed,0.34876365471385323,77088,14635,5896
2005,all unigrams,0.35149408526945336,77062,17384,5907
2005,candidate terms removed,0.3496963620597993,76953,17162,5896
2006,all unigrams,0.35830128620564966,91311,19610,5907
2006,candidate terms removed,0.35652015655004377,91225,19397,5896
2007,all unigrams,0.36909574703389375,92536,24683,5907
2007,candidate terms removed,0.36722161112592666,92423,24392,5896
2008,all unigrams,0.3527468271191412,100706,27228,5907
2008,candidate terms removed,0.35118559586120124,100574,26938,5896
2009,all unigrams,0.3510123328593021,123266,35111,5907
2009,candidate terms removed,0.34948336444333494,123123,34745,5896
2010,all unigrams,0.34502741077807236,117048,37261,5907
2010,candidate terms removed,0.34347355544583724,116913,36870,5896
2011,all unigrams,0.3605207575409468,123620,39151,5907
2011,candidate terms removed,0.3588734708398531,123504,38774,5896
2012,all unigrams,0.35397481955608673,137691,47407,5907
2012,candidate terms removed,0.35226474012578346,137564,46975,5896
2013,all unigrams,0.3576075796174678,132446,47255,5907
2013,candidate terms removed,0.35588090882299694,132329,46793,5896
2014,all unigrams,0.35024651393157047,133371,49446,5907
2014,candidate terms removed,0.3485903356641283,133263,48996,5896
2015,all unigrams,0.34950632392321884,135287,53108,5907
2015,candidate terms removed,0.34821786549699807,135169,52683,5896
2016,all unigrams,0.35407684812936024,137548,58793,5907
2016,candidate terms removed,0.3533531952778675,137404,58412,5896
2017,all unigrams,0.3400900758726647,145225,52382,5907
2017,candidate terms removed,0.33911868217052465,145057,52015,5896
2018,all unigrams,0.32932047386668534,154364,56494,5907
2018,candidate terms removed,0.3282464052887094,154204,56100,5896
2019,all unigrams,0.31811250947169417,164352,56174,5907
2019,candidate terms removed,0.317313104547141,164152,55853,5896
2020,all unigrams,0.3005507963710233,134028,60607,5907
2020,candidate terms removed,0.29975273639975303,133818,60233,5896
2021,all unigrams,0.28957248744568276,134238,72182,5907
2021,candidate terms removed,0.28907652731054323,133999,71746,5896
2022,all unigrams,0.28913295817691964,138507,73962,5907
2022,candidate terms removed,0.2884574024307577,138301,73520,5896
2023,all unigrams,0.2805426533368528,147961,75514,5907
2023,candidate terms removed,0.2797467294025303,147758,75031,5896
2024,all unigrams,0.25957594218081503,197680,87630,5907
2024,candidate terms removed,0.25882717270319183,197404,87068,5896
2025,all unigrams,0.24950353338232095,222917,93742,5907
2025,candidate terms removed,0.24871260832642594,222631,93182,5896
