year,n_papers,n_abstracts,abstract_coverage
1882,3,0,0.0
1883,1,0,0.0
1885,3,0,0.0
1886,2,0,0.0
1888,1,0,0.0
1889,1,0,0.0
1891,2,0,0.0
1892,3,0,0.0
1893,4,0,0.0
1894,3,0,0.0
1895,1,0,0.0
1896,2,1,0.5
1897,1,0,0.0
1899,2,0,0.0
1900,3,0,0.0
1901,1,0,0.0
1902,6,0,0.0
1903,3,0,0.0
1904,4,1,0.25
1905,6,0,0.0
1906,5,2,0.4
1907,2,0,0.0
1908,12,0,0.0
1909,2,0,0.0
1910,14,6,0.42857142857142855
1911,3,1,0.3333333333333333
1912,2,0,0.0
1913,1,0,0.0
1914,2,1,0.5
1915,1,0,0.0
1916,3,1,0.3333333333333333
1917,3,0,0.0
1918,6,0,0.0
1919,5,0,0.0
1920,4,0,0.0
1921,9,2,0.2222222222222222
1922,13,0,0.0
1923,3,0,0.0
1924,7,0,0.0
1925,8,0,0.0
1926,5,0,0.0
1927,12,0,0.0
1928,4,0,0.0
1929,6,0,0.0
1930,7,0,0.0
1931,6,1,0.16666666666666666
1932,5,0,0.0
1933,13,2,0.15384615384615385
1934,5,1,0.2
1935,10,1,0.1
1936,8,1,0.125
1937,22,6,0.2727272727272727
1938,8,0,0.0
1939,7,1,0.14285714285714285
1940,6,1,0.16666666666666666
1941,6,1,0.16666666666666666
1942,8,1,0.125
1943,3,3,1.0
1945,3,0,0.0
1946,14,2,0.14285714285714285
1947,6,3,0.5
1948,6,0,0.0
1949,2,1,0.5
1950,9,2,0.2222222222222222
1951,7,1,0.14285714285714285
1952,5,1,0.2
1953,5,2,0.4
1954,9,1,0.1111111111111111
1955,11,1,0.09090909090909091
1956,5,1,0.2
1957,8,1,0.125
1958,15,1,0.06666666666666667
1959,15,8,0.5333333333333333
1960,7,0,0.0
1961,15,7,0.4666666666666667
1962,12,3,0.25
1963,7,3,0.42857142857142855
1964,9,2,0.2222222222222222
1965,6,1,0.16666666666666666
1966,9,2,0.2222222222222222
1967,7,1,0.14285714285714285
1968,8,4,0.5
1969,9,1,0.1111111111111111
1970,13,7,0.5384615384615384
1971,9,5,0.5555555555555556
1972,16,9,0.5625
1973,13,5,0.38461538461538464
1974,18,13,0.7222222222222222
1975,8,6,0.75
1976,10,5,0.5
1977,11,6,0.5454545454545454
1978,16,14,0.875
1979,24,13,0.5416666666666666
1980,28,24,0.8571428571428571
1981,32,24,0.75
1982,60,36,0.6
1983,109,79,0.7247706422018348
1984,196,140,0.7142857142857143
1985,325,208,0.64
1986,567,405,0.7142857142857143
1987,933,645,0.6913183279742765
1988,991,723,0.7295660948536832
1989,992,674,0.6794354838709677
1990,1234,876,0.7098865478119936
1991,1229,877,0.7135882831570383
1992,1195,899,0.7523012552301255
1993,1592,1178,0.7399497487437185
1994,1503,1192,0.7930805056553559
1995,1816,1373,0.7560572687224669
1996,2102,1629,0.774976213130352
1997,2102,1668,0.7935299714557564
1998,2325,2005,0.8623655913978494
1999,2703,2336,0.8642249352571217
2000,2555,2268,0.8876712328767123
2001,3184,2774,0.8712311557788944
2002,3009,2717,0.9029577932868063
2003,3290,3036,0.9227963525835866
2004,3711,3501,0.9434114793856103
2005,3860,3628,0.9398963730569948
2006,4109,3994,0.9720126551472378
2007,4417,4251,0.9624179307222096
2008,5067,4812,0.9496743635287153
2009,5639,5345,0.947863096293669
2010,5884,5475,0.9304894629503739
2011,5940,5589,0.9409090909090909
2012,6673,6325,0.9478495429342125
2013,6726,6394,0.9506393101397562
2014,6649,6413,0.9645059407429689
2015,7574,7093,0.9364932664378136
2016,7698,7328,0.9519355676799168
2017,7704,7403,0.9609293873312564
2018,8135,7926,0.9743085433312846
2019,8887,8640,0.972206593901204
2020,8790,8615,0.9800910125142207
2021,9418,9208,0.9777022722446379
2022,9574,9335,0.9750365573428035
2023,11113,10668,0.9599568073427517
2024,14358,13922,0.9696336537122162
2025,14984,14874,0.9926588360918313
